datetime,open,high,low,close,volume
2014-01-02 02:00:00,73.61,73.77,73.255,73.32,10110167
2014-01-03 02:00:00,73.33,73.48,72.44,72.89,7970403
2014-01-06 02:00:00,73.08,73.2,72.55,72.7,7696670
2014-01-07 02:00:00,72.8,73.31,72.6,73.24,5902741
2014-01-08 02:00:00,73.15,73.68,72.68,73.68,8997301
2014-01-09 02:00:00,73.98,74.1,73.68,73.91,9276238
2014-01-10 02:00:00,74.26,74.5,73.17,73.87,8877926
2014-01-13 02:00:00,73.78,74.27,72.83,73.22,8576302
2014-01-14 02:00:00,72.37,73.7,72.37,73.39,9924640
2014-01-15 02:00:00,73.47,74.69,73.4,74.51,10002212
2014-01-16 02:00:00,74.46,74.88,74.01,74.72,10270124
2014-01-17 02:00:00,74.62,74.98,74.43,74.73,12355954
2014-01-21 02:00:00,75.0,75.57,74.86,75.46,8806816
2014-01-22 02:00:00,75.5,75.86,75.12,75.78,7270174
2014-01-23 02:00:00,75.5,75.9,75.16,75.87,8084877
2014-01-24 02:00:00,75.29,75.44,74.06,74.08,12014630
2014-01-27 02:00:00,74.01,74.36,72.74,73.2,12669803
2014-01-28 02:00:00,72.0,73.14,71.75,71.99,18191271
2014-01-29 02:00:00,71.4,72.08,70.98,71.12,16638871
2014-01-30 02:00:00,72.64,73.395,71.97,73.26,17743735
2014-01-31 02:00:00,72.68,74.49,72.62,74.22,15421279
2014-02-03 02:00:00,73.67,73.95,72.93,73.32,15940060
2014-02-04 02:00:00,73.45,73.45,72.275,72.51,11708002
2014-02-05 02:00:00,72.1,72.66,72.03,72.37,10488791
2014-02-06 02:00:00,72.7,73.33,72.324,73.24,8178699
2014-02-07 02:00:00,73.4,74.47,73.2,74.41,9005085
2014-02-10 02:00:00,74.13,74.73,73.8902,74.69,7599653
2014-02-11 02:00:00,74.77,75.73,74.53,75.62,8948317
2014-02-12 02:00:00,75.73,76.65,75.66,76.42,11498577
2014-02-13 02:00:00,76.0,76.75,76.0,76.44,9047172
2014-02-14 02:00:00,76.01,76.42,75.82,76.28,8342325
2014-02-18 02:00:00,76.25,76.25,75.53,75.6,8855041
2014-02-19 02:00:00,75.37,75.985,75.11,75.77,8535909
2014-02-20 02:00:00,75.96,76.2,75.68,75.95,7194165
2014-02-21 02:00:00,76.18,76.545,75.57,75.61,8740159
2014-02-24 02:00:00,75.97,75.99,75.3923,75.43,9191882
2014-02-25 02:00:00,75.61,75.88,74.74,74.91,6999268
2014-02-26 02:00:00,75.15,75.5,74.9,75.05,5551595
2014-02-27 02:00:00,74.89,75.26,74.5,75.19,9465155
2014-02-28 02:00:00,75.41,75.43,74.85,75.29,9451958
2014-03-03 02:00:00,74.6,74.64,73.04,73.63,11401470
2014-03-04 02:00:00,75.69,76.79,75.35,76.11,13528165
2014-03-05 02:00:00,76.44,76.96,75.79,76.67,6786176
2014-03-06 02:00:00,77.0,77.18,76.5411,77.0,7757672
2014-03-07 02:00:00,77.1,77.2,76.44,76.79,7284997
2014-03-10 01:00:00,76.79,77.07,76.55,77.07,7704915
2014-03-11 01:00:00,77.09,77.2,76.58,76.71,8272877
2014-03-12 01:00:00,76.33,77.14,76.31,76.97,6897278
2014-03-13 01:00:00,77.0,77.12,75.385,75.63,8956118
2014-03-14 01:00:00,75.23,75.91,74.5,74.74,10513381
2014-03-17 01:00:00,75.53,77.31,75.53,77.02,13851487
2014-03-18 01:00:00,77.0,77.75,76.9,77.45,7932128
2014-03-19 01:00:00,77.22,77.57,76.415,76.805,7808222
2014-03-20 01:00:00,76.78,78.37,76.7,78.1,10264175
2014-03-21 01:00:00,79.03,79.03,77.51,78.19,27476101
2014-03-24 01:00:00,78.44,78.7,77.31,77.74,11314015
2014-03-25 01:00:00,78.13,78.76,77.99,78.56,8131874
2014-03-26 01:00:00,78.82,79.62,78.31,78.31,14203416
2014-03-27 01:00:00,78.42,79.72,78.31,79.05,10373216
2014-03-28 01:00:00,79.5,79.5,78.1,79.28,8550917
2014-03-31 01:00:00,79.4,79.61,78.81,78.86,7769891
2014-04-01 01:00:00,79.42,80.16,78.99,80.1,10589571
2014-04-02 01:00:00,79.98,80.26,79.75,80.14,7410538
2014-04-03 01:00:00,80.21,81.3,80.21,80.55,8724235
2014-04-04 01:00:00,81.09,81.358,78.46,78.53,11250736
2014-04-07 01:00:00,78.0,79.26,77.6,78.08,10082600
2014-04-08 01:00:00,77.71,78.94,77.48,78.89,9079082
2014-04-09 01:00:00,79.26,79.94,78.85,79.93,8476204
2014-04-10 01:00:00,80.1,80.3,77.85,78.075,10322035
2014-04-11 01:00:00,77.53,78.9167,77.53,78.01,9288880
2014-04-14 01:00:00,78.7,79.2,78.03,79.14,8170520
2014-04-15 01:00:00,78.99,79.935,78.5,79.49,8785784
2014-04-16 01:00:00,79.99,80.28,79.42,80.18,7287075
2014-04-17 01:00:00,80.3,81.34,80.04,81.32,10566174
2014-04-21 01:00:00,81.19,81.66,80.56,80.93,5963900
2014-04-22 01:00:00,81.17,81.34,80.58,80.61,8098875
2014-04-23 01:00:00,81.0,81.0,80.16,80.71,13593949
2014-04-24 01:00:00,77.5,78.62,76.77,77.87,22779739
2014-04-25 01:00:00,77.59,77.88,77.3304,77.61,10509753
2014-04-28 01:00:00,78.0,78.6,77.37,78.05,12603409
2014-04-29 01:00:00,78.64,79.01,78.23,78.52,8034133
2014-04-30 01:00:00,78.56,78.86,78.14,78.71,9451504
2014-05-01 01:00:00,78.53,79.49,78.53,78.99,7018325
2014-05-02 01:00:00,79.3,79.3,78.5,78.99,6063059
2014-05-05 01:00:00,78.76,79.92,78.51,79.56,7525710
2014-05-06 01:00:00,79.23,79.63,78.75,79.31,8169473
2014-05-07 01:00:00,79.72,79.93,78.4301,79.325,8794815
2014-05-08 01:00:00,79.34,80.09,78.96,79.5,7434918
2014-05-09 01:00:00,79.94,79.94,78.58,79.5,5966282
2014-05-12 01:00:00,79.72,80.12,79.62,79.97,6632085
2014-05-13 01:00:00,79.92,80.39,79.78,80.37,5854270
2014-05-14 01:00:00,80.34,80.99,79.83,80.41,8228154
2014-05-15 01:00:00,80.34,80.81,79.18,79.78,10429947
2014-05-16 01:00:00,79.7,79.77,78.76,79.42,8376840
2014-05-19 01:00:00,79.22,79.99,79.2,79.81,5427327
2014-05-20 01:00:00,79.99,80.35,79.52,79.86,8433958
2014-05-21 01:00:00,79.17,79.98,79.12,79.67,7671461
2014-05-22 01:00:00,79.84,79.92,79.43,79.56,6303841
2014-05-23 01:00:00,79.98,79.99,79.49,79.88,4586457
2014-05-27 01:00:00,79.93,80.5,79.9,80.46,8079521
2014-05-28 01:00:00,80.35,80.74,80.16,80.22,7659096
2014-05-29 01:00:00,80.58,80.58,79.88,80.19,9703951
2014-05-30 01:00:00,80.33,80.53,79.92,80.45,7336494
2014-06-02 01:00:00,80.66,80.79,80.04,80.48,7244166
2014-06-03 01:00:00,80.18,80.68,79.96,80.4,7554510
2014-06-04 01:00:00,80.32,80.3897,79.7,79.92,6666444
2014-06-05 01:00:00,79.83,79.93,79.15,79.66,9176174
2014-06-06 01:00:00,80.17,80.5,79.8,80.38,6388260
2014-06-09 01:00:00,80.28,80.47,79.7,79.95,5181826
2014-06-10 01:00:00,79.96,79.96,79.14,79.18,8582932
2014-06-11 01:00:00,79.0,79.5,78.44,79.21,7404599
2014-06-12 01:00:00,79.13,79.76,78.81,79.34,7525145
2014-06-13 01:00:00,79.46,79.82,78.93,79.11,7440201
2014-06-16 01:00:00,78.83,79.39,78.45,78.65,10423671
2014-06-17 01:00:00,78.43,79.42,78.4,79.16,6845605
2014-06-18 01:00:00,79.68,79.68,78.63,79.19,7340158
2014-06-19 01:00:00,79.3,79.8,79.19,79.75,6787247
2014-06-20 01:00:00,79.98,79.985,79.44,79.86,11878172
2014-06-23 01:00:00,79.95,79.99,79.32,79.43,6145665
2014-06-24 01:00:00,79.31,79.87,78.68,78.78,10659275
2014-06-25 01:00:00,78.5,78.55,77.91,78.05,10702118
2014-06-26 01:00:00,78.4,79.13,78.08,78.77,7556174
2014-06-27 01:00:00,78.57,79.04,78.18,78.99,7732943
2014-06-30 01:00:00,79.0,79.39,78.65,79.2,6567334
2014-07-01 01:00:00,79.35,79.82,78.93,79.73,5872328
2014-07-02 01:00:00,79.81,80.43,79.7,80.17,5449256
2014-07-03 01:00:00,80.5,81.279,80.09,80.99,5735679
2014-07-07 01:00:00,80.67,80.95,80.21,80.82,5874813
2014-07-08 01:00:00,80.63,80.855,80.42,80.65,7791236
2014-07-09 01:00:00,81.11,81.11,80.375,80.77,5071215
2014-07-10 01:00:00,79.93,80.68,79.8,80.43,5090184
2014-07-11 01:00:00,79.9,80.2,79.15,79.6,8629530
2014-07-14 01:00:00,79.51,79.78,79.38,79.52,7609813
2014-07-15 01:00:00,79.72,79.91,79.15,79.44,5983960
2014-07-16 01:00:00,79.72,79.94,79.58,79.62,6266875
2014-07-17 01:00:00,79.11,79.21,77.88,78.11,12578379
2014-07-18 01:00:00,78.39,79.43,78.25,79.39,8382031
2014-07-21 01:00:00,79.2,79.97,79.11,79.67,7654304
2014-07-22 01:00:00,80.09,81.87,79.99,81.53,10754906
2014-07-23 01:00:00,81.89,81.97,81.42,81.6,10326323
2014-07-24 01:00:00,77.6,77.63,75.66,76.172,37728502
2014-07-25 01:00:00,76.0,76.58,75.82,76.1,13574822
2014-07-28 01:00:00,76.1,76.25,75.53,75.83,10939012
2014-07-29 01:00:00,75.65,75.95,75.26,75.31,11325744
2014-07-30 01:00:00,75.68,76.23,75.15,76.04,10726869
2014-07-31 01:00:00,75.39,75.6,73.65,73.72,15258027
2014-08-01 01:00:00,73.37,73.845,71.82,72.55,15203796
2014-08-04 01:00:00,72.87,73.47,72.83,73.26,13114231
2014-08-05 01:00:00,73.2,73.35,72.56,72.75,10306512
2014-08-06 01:00:00,72.42,73.15,72.16,72.89,7324483
2014-08-07 01:00:00,73.28,73.35,72.34,72.49,9404704
2014-08-08 01:00:00,72.72,73.96,72.5,73.88,9149546
2014-08-11 01:00:00,74.2,74.98,73.92,74.73,8818539
2014-08-12 01:00:00,74.86,74.93,73.9,74.14,7790023
2014-08-13 01:00:00,74.58,74.65,74.04,74.5,7053569
2014-08-14 01:00:00,74.76,74.99,74.6,74.76,6482178
2014-08-15 01:00:00,75.13,75.13,73.985,74.41,9794430
2014-08-18 01:00:00,74.83,75.1,74.615,75.03,5180183
2014-08-19 01:00:00,75.05,75.22,74.91,75.13,7903264
2014-08-20 01:00:00,74.55,76.64,74.55,76.439,12130041
2014-08-21 01:00:00,76.61,77.31,76.45,76.77,8646467
2014-08-22 01:00:00,76.71,77.22,76.71,76.82,5082445
2014-08-25 01:00:00,77.17,77.3,76.3353,76.59,4753783
2014-08-26 01:00:00,76.82,77.1,76.2601,77.01,6753991
2014-08-27 01:00:00,77.15,77.19,76.49,76.97,7846198
2014-08-28 01:00:00,76.69,76.9,76.31,76.34,5245935
2014-08-29 01:00:00,76.6,76.6,75.76,76.1,6483745
2014-09-02 01:00:00,76.0,76.08,74.75,75.06,9827098
2014-09-03 01:00:00,75.47,75.72,74.82,74.89,9791199
2014-09-04 01:00:00,75.22,75.55,74.62,75.11,8412098
2014-09-05 01:00:00,75.02,75.85,74.89,75.81,8472331
2014-09-08 01:00:00,75.49,76.2425,75.49,75.9,6286503
2014-09-09 01:00:00,75.9,76.11,75.51,75.84,6271812
2014-09-10 01:00:00,75.8,76.25,75.76,75.93,6523427
2014-09-11 01:00:00,75.58,76.12,75.2,76.11,6898685
2014-09-12 01:00:00,75.8,75.855,75.21,75.33,8309363
2014-09-15 01:00:00,75.5,75.58,74.99,75.08,6637492
2014-09-16 01:00:00,75.0,75.965,74.9,75.71,7520330
2014-09-17 01:00:00,75.66,76.17,75.2802,75.83,7222213
2014-09-18 01:00:00,75.91,76.45,75.83,76.44,7275157
2014-09-19 01:00:00,77.0,77.0,75.39,75.53,15395999
2014-09-22 01:00:00,75.49,76.34,75.28,76.29,10448474
2014-09-23 01:00:00,76.23,76.57,75.81,75.83,8788928
2014-09-24 01:00:00,75.65,76.24,75.42,76.24,6097754
2014-09-25 01:00:00,76.03,76.17,74.72,74.81,7461618
2014-09-26 01:00:00,74.59,75.13,74.17,75.06,6816465
2014-09-29 01:00:00,74.97,75.08,74.16,74.82,6630859
2014-09-30 01:00:00,74.53,75.09,74.11,74.77,8894836
2014-10-01 01:00:00,74.64,74.81,73.84,73.88,9098998
2014-10-02 01:00:00,74.14,74.14,73.16,73.655,7489287
2014-10-03 01:00:00,73.88,75.2,73.87,74.86,7978379
2014-10-06 01:00:00,75.0,75.34,74.31,74.725,6217326
2014-10-07 01:00:00,74.23,74.43,73.48,73.51,8241983
2014-10-08 01:00:00,73.44,75.44,73.22,75.19,9861322
2014-10-09 01:00:00,75.22,75.3,73.95,74.08,9914616
2014-10-10 01:00:00,73.51,73.94,71.2,71.22,17357056
2014-10-13 01:00:00,71.18,72.5,70.25,70.71,10749059
2014-10-14 01:00:00,71.75,72.7,71.33,71.86,10488350
2014-10-15 01:00:00,71.1,72.63,70.265,71.2,14883462
2014-10-16 01:00:00,69.84,71.8899,69.36,71.14,11997242
2014-10-17 01:00:00,72.05,72.88,71.54,72.43,8469646
2014-10-20 01:00:00,72.05,73.3,72.0,73.27,6492346
2014-10-21 01:00:00,73.93,75.11,73.83,74.995,8733978
2014-10-22 01:00:00,75.01,75.1,74.25,74.3,7127850
2014-10-23 01:00:00,75.0,75.4,74.74,75.14,9749962
2014-10-24 01:00:00,75.42,76.01,74.91,76.0,6238720
2014-10-27 01:00:00,75.86,76.03,75.27,75.84,4766956
2014-10-28 01:00:00,76.19,76.62,75.99,76.57,6324426
2014-10-29 01:00:00,76.5,77.38,76.31,76.89,5395635
2014-10-30 01:00:00,76.65,77.59,76.53,77.37,5314244
2014-10-31 01:00:00,78.53,78.53,77.69,78.51,10144491
2014-11-03 02:00:00,78.31,78.53,77.96,78.24,8732669
2014-11-04 02:00:00,77.49,77.72,76.4035,77.11,15347356
2014-11-05 02:00:00,77.46,77.47,76.415,77.2,13811410
2014-11-06 02:00:00,71.03,71.07,67.67,70.58,70919663
2014-11-07 02:00:00,70.58,70.7,69.13,69.26,24945855
2014-11-10 02:00:00,69.09,70.03,68.49,69.36,14453295
2014-11-11 02:00:00,69.71,69.85,69.03,69.64,10046738
2014-11-12 02:00:00,69.36,70.45,69.285,70.29,9460511
2014-11-13 02:00:00,70.21,70.83,70.19,70.65,9833120
2014-11-14 02:00:00,71.01,71.21,70.55,70.85,7454829
2014-11-17 02:00:00,70.62,70.84,70.185,70.4,7350696
2014-11-18 02:00:00,70.24,72.06,70.24,72.01,10991790
2014-11-19 02:00:00,71.59,71.84,70.36,70.47,11115533
2014-11-20 02:00:00,70.115,70.84,69.6,70.71,12030329
2014-11-21 02:00:00,71.1,71.82,70.69,71.47,15146248
2014-11-24 02:00:00,71.7,71.9399,71.18,71.695,9413791
2014-11-25 02:00:00,71.73,72.28,71.61,72.27,12488593
2014-11-26 02:00:00,71.66,72.35,71.6207,72.26,7006488
2014-11-28 02:00:00,72.51,73.0,72.07,72.9,5817870
2014-12-01 02:00:00,72.46,72.66,71.285,71.79,9474292
2014-12-02 02:00:00,71.81,73.49,71.35,73.32,17181845
2014-12-03 02:00:00,73.63,74.84,73.44,74.37,13143718
2014-12-04 02:00:00,74.24,74.34,72.93,73.34,9436300
2014-12-05 02:00:00,73.01,73.9099,73.01,73.37,6588577
2014-12-08 02:00:00,73.22,73.51,72.21,72.61,7201681
2014-12-09 02:00:00,71.96,73.205,71.86,73.005,7548447
2014-12-10 02:00:00,72.82,73.0,71.21,71.5,9059334
2014-12-11 02:00:00,71.73,72.77,71.565,71.99,9502633
2014-12-12 02:00:00,71.63,71.81,70.58,70.585,8351609
2014-12-15 02:00:00,70.85,71.42,69.59,70.37,11016109
2014-12-16 02:00:00,70.21,71.78,70.08,70.31,11499426
2014-12-17 02:00:00,70.42,72.37,70.14,72.21,11423442
2014-12-18 02:00:00,73.28,73.36,72.61,73.36,8864577
2014-12-19 02:00:00,73.33,73.73,73.17,73.43,16332011
2014-12-22 02:00:00,73.45,74.655,73.45,74.56,9074214
2014-12-23 02:00:00,74.61,75.12,74.48,74.6,6405842
2014-12-24 02:00:00,74.97,75.15,74.64,74.66,3801420
2014-12-26 02:00:00,75.09,75.72,75.0,75.62,4986723
2014-12-29 02:00:00,75.2,75.6,74.83,74.985,5959797
2014-12-30 02:00:00,74.75,75.37,74.7,75.02,6131748
2014-12-31 02:00:00,75.21,75.41,74.31,74.33,7763541
2015-01-02 02:00:00,74.51,74.8699,73.75,74.28,6667808
2015-01-05 02:00:00,73.71,74.5,73.63,73.93,12042759
2015-01-06 02:00:00,74.1,74.61,72.74,72.88,11093997
2015-01-07 02:00:00,73.37,74.47,72.96,73.73,10030724
2015-01-08 02:00:00,74.3,75.3,74.14,74.505,10937230
2015-01-09 02:00:00,74.57,74.87,73.64,74.42,9038892
2015-01-12 02:00:00,74.14,74.3799,72.88,73.57,8749315
2015-01-13 02:00:00,73.96,75.05,72.55,72.97,12584518
2015-01-14 02:00:00,72.46,73.0,71.44,72.22,13203501
2015-01-15 02:00:00,72.26,72.59,71.045,71.38,10858404
2015-01-16 02:00:00,70.85,71.43,70.12,71.29,12372285
2015-01-20 02:00:00,71.75,73.21,71.18,72.48,12036676
2015-01-21 02:00:00,70.32,72.61,69.95,71.59,17008909
2015-01-22 02:00:00,71.86,72.09,70.84,71.905,10450061
2015-01-23 02:00:00,72.01,72.35,71.43,72.175,8142053
2015-01-26 02:00:00,72.17,72.9,71.715,72.61,9203712
2015-01-27 02:00:00,72.18,72.495,70.945,71.77,11398770
2015-01-28 02:00:00,72.45,72.5,70.85,70.99,15722069
2015-01-29 02:00:00,65.52,65.69,62.47,63.69,47115329
2015-01-30 02:00:00,63.04,64.01,62.39,62.46,26407796
2015-02-02 02:00:00,62.48,65.9299,62.26,65.53,21130636
2015-02-03 02:00:00,65.78,67.04,65.48,66.96,16354186
2015-02-04 02:00:00,66.59,67.71,66.12,66.96,13089575
2015-02-05 02:00:00,67.17,67.99,66.79,67.95,10650494
2015-02-06 02:00:00,67.81,67.95,66.07,66.35,11779472
2015-02-09 02:00:00,68.16,68.96,66.96,67.11,15651094
2015-02-10 02:00:00,69.09,70.455,68.83,70.26,36081176
2015-02-11 02:00:00,70.57,70.9518,70.0,70.21,13439345
2015-02-12 02:00:00,69.58,70.39,69.56,70.39,12798277
2015-02-13 02:00:00,70.49,70.93,70.27,70.88,8050179
2015-02-17 02:00:00,70.76,70.91,70.46,70.8,8764262
2015-02-18 02:00:00,70.34,70.88,70.11,70.54,8097382
2015-02-19 02:00:00,70.23,71.27,70.21,70.98,9785320
2015-02-20 02:00:00,70.95,71.72,70.59,71.52,8657328
2015-02-23 02:00:00,71.47,71.55,70.36,70.94,8617718
2015-02-24 02:00:00,70.74,71.47,70.37,71.37,10131932
2015-02-25 02:00:00,71.01,72.23,71.01,71.68,10578052
2015-02-26 02:00:00,71.87,72.2699,71.61,72.01,9838730
2015-02-27 02:00:00,71.81,72.57,71.2,72.51,10297418
2015-03-02 02:00:00,71.8,72.9,71.61,72.655,8979340
2015-03-03 02:00:00,72.01,72.49,71.35,71.405,9236352
2015-03-04 02:00:00,71.1,71.5,70.561,70.845,8476227
2015-03-05 02:00:00,71.2,71.27,70.685,70.93,6955767
2015-03-06 02:00:00,70.56,71.69,70.51,71.505,12022148
2015-03-09 01:00:00,71.64,72.87,71.64,72.705,12754658
2015-03-10 01:00:00,73.88,74.09,71.86,71.885,29111628
2015-03-11 01:00:00,71.52,71.7199,70.24,70.27,21690244
2015-03-12 01:00:00,70.0,70.55,69.2,69.37,16004288
2015-03-13 01:00:00,69.14,69.64,68.32,68.64,13946833
2015-03-16 01:00:00,69.14,70.03,68.91,70.0,11643352
2015-03-17 01:00:00,69.44,70.17,69.21,69.815,11540349
2015-03-18 01:00:00,69.6,70.49,69.06,70.23,10245719
2015-03-19 01:00:00,70.23,70.59,69.78,69.83,6959833
2015-03-20 01:00:00,70.2,70.61,69.79,70.04,22646574
2015-03-23 01:00:00,70.1,70.585,69.81,70.065,7700583
2015-03-24 01:00:00,69.99,70.2299,68.97,68.975,9964722
2015-03-25 01:00:00,68.86,68.87,67.2,67.21,11980492
2015-03-26 01:00:00,66.54,67.45,65.68,67.155,13835913
2015-03-27 01:00:00,67.22,67.93,66.75,67.025,8560377
2015-03-30 01:00:00,67.74,69.0,67.46,68.88,11404465
2015-03-31 01:00:00,68.16,69.54,68.16,69.34,13035272
2015-04-01 01:00:00,68.73,69.47,68.4505,69.43,10455804
2015-04-02 01:00:00,69.52,69.61,67.76,67.97,14206170
2015-04-06 01:00:00,66.19,67.96,66.18,67.76,11906307
2015-04-07 01:00:00,67.72,68.12,67.26,67.315,13947968
2015-04-08 01:00:00,66.94,67.59,66.93,67.26,15783095
2015-04-09 01:00:00,67.42,69.09,67.31,68.81,14169160
2015-04-10 01:00:00,68.67,69.2,68.47,69.16,10437909
2015-04-13 01:00:00,71.23,71.9,68.64,68.73,28612894
2015-04-14 01:00:00,69.16,69.2,68.6,68.97,12305130
2015-04-15 01:00:00,69.29,69.5,68.19,68.46,11923436
2015-04-16 01:00:00,68.16,68.25,67.73,67.91,10649873
2015-04-17 01:00:00,67.49,67.95,66.96,67.115,14011108
2015-04-20 01:00:00,67.25,68.8,67.19,68.64,12893801
2015-04-21 01:00:00,68.84,68.94,68.38,68.57,7839274
2015-04-22 01:00:00,68.76,69.205,68.25,68.94,13289516
2015-04-23 01:00:00,67.35,68.43,66.96,68.34,18341076
2015-04-24 01:00:00,68.11,68.32,67.67,68.24,8757832
2015-04-27 01:00:00,68.77,69.68,68.61,69.23,11818352
2015-04-28 01:00:00,69.04,69.82,69.01,69.65,8272889
2015-04-29 01:00:00,69.19,69.34,68.0,68.67,7660433
2015-04-30 01:00:00,68.33,68.59,67.61,68.0,8319804
2015-05-01 01:00:00,68.31,68.5402,67.955,68.42,7166205
2015-05-04 01:00:00,68.45,69.36,68.22,69.055,7013837
2015-05-05 01:00:00,68.85,69.0,68.1295,68.37,8660553
2015-05-06 01:00:00,68.2,68.85,67.5,67.81,7858176
2015-05-07 01:00:00,67.8,68.45,67.79,68.43,6513976
2015-05-08 01:00:00,68.85,69.41,68.55,69.41,7393302
2015-05-11 01:00:00,69.17,69.35,68.82,69.05,6379210
2015-05-12 01:00:00,68.7,69.02,68.1001,68.785,8070350
2015-05-13 01:00:00,69.23,70.5,69.0,69.73,12031238
2015-05-14 01:00:00,69.99,70.66,69.8101,70.52,10945698
2015-05-15 01:00:00,70.61,71.09,70.43,71.06,9858575
2015-05-18 01:00:00,71.03,71.13,70.25,70.42,5352527
2015-05-19 01:00:00,70.33,70.42,69.47,69.62,7609093
2015-05-20 01:00:00,69.8,69.84,69.22,69.28,8420245
2015-05-21 01:00:00,69.63,70.95,69.03,70.09,27529727
2015-05-22 01:00:00,69.69,69.9399,69.44,69.51,13177282
2015-05-26 01:00:00,69.53,69.62,68.75,69.36,14768568
2015-05-27 01:00:00,69.4,71.14,69.1,71.02,17559105
2015-05-28 01:00:00,70.95,71.318,70.51,70.6,11938952
2015-05-29 01:00:00,70.52,70.9,69.6,69.68,18256901
2015-06-01 01:00:00,69.58,69.9,69.11,69.415,8600482
2015-06-02 01:00:00,69.36,69.66,69.06,69.35,12071298
2015-06-03 01:00:00,69.8,70.05,69.45,69.86,6533305
2015-06-04 01:00:00,69.36,69.51,68.76,68.9,9909305
2015-06-05 01:00:00,68.96,68.96,68.22,68.255,8067943
2015-06-08 01:00:00,68.0,68.2,67.25,67.275,9158392
2015-06-09 01:00:00,67.38,67.47,66.77,66.84,7611718
2015-06-10 01:00:00,66.91,67.69,66.91,67.31,12825937
2015-06-11 01:00:00,67.59,67.81,67.385,67.6,10609823
2015-06-12 01:00:00,67.06,67.55,66.79,67.025,6855597
2015-06-15 01:00:00,66.54,66.845,66.06,66.625,6817541
2015-06-16 01:00:00,66.45,66.63,65.93,66.46,6746772
2015-06-17 01:00:00,66.69,67.08,66.08,66.55,9563615
2015-06-18 01:00:00,66.72,67.665,66.67,67.36,10443504
2015-06-19 01:00:00,67.41,67.51,66.64,66.88,13233670
2015-06-22 01:00:00,67.04,67.63,67.0,67.365,11762812
2015-06-23 01:00:00,67.54,67.62,66.76,66.98,11792044
2015-06-24 01:00:00,67.08,67.13,65.29,65.35,15282667
2015-06-25 01:00:00,65.51,65.87,65.024,65.26,9838779
2015-06-26 01:00:00,65.38,65.56,64.6,64.67,34801399
2015-06-29 01:00:00,63.4,64.03,62.58,62.62,16549663
2015-06-30 01:00:00,62.75,63.15,62.45,62.63,12697418
2015-07-01 01:00:00,63.1,63.28,62.01,62.9,12669898
2015-07-02 01:00:00,63.01,63.65,62.99,63.11,11302828
2015-07-06 01:00:00,62.66,63.5498,62.65,63.11,10068423
2015-07-07 01:00:00,63.27,63.38,61.48,62.8,13582620
2015-07-08 01:00:00,62.45,62.6,61.7,61.91,13827924
2015-07-09 01:00:00,62.85,63.43,61.85,61.86,12238918
2015-07-10 01:00:00,62.41,63.07,61.86,62.73,12906082
2015-07-13 01:00:00,63.0,63.7,63.0,63.43,11426615
2015-07-14 01:00:00,63.62,64.2799,63.45,63.94,10282338
2015-07-15 01:00:00,63.31,64.2,63.3,63.88,8492048
2015-07-16 01:00:00,63.45,64.68,63.38,64.55,10385928
2015-07-17 01:00:00,64.11,64.65,64.01,64.34,8953476
2015-07-20 01:00:00,64.63,64.63,63.74,63.79,11381031
2015-07-21 01:00:00,64.61,66.05,64.45,65.14,17818863
2015-07-22 01:00:00,64.5,64.97,64.05,64.19,22660293
2015-07-23 01:00:00,62.57,62.78,60.83,61.78,37879791
2015-07-24 01:00:00,61.86,62.2,61.31,61.64,18525485
2015-07-27 01:00:00,61.98,62.5,61.51,61.98,14749667
2015-07-28 01:00:00,62.34,63.41,62.215,63.1,14090202
2015-07-29 01:00:00,63.08,63.56,62.745,63.17,9779077
2015-07-30 01:00:00,62.99,64.78,62.8,64.41,12697168
2015-07-31 01:00:00,64.66,64.95,64.23,64.39,9612148
2015-08-03 01:00:00,64.35,64.71,64.08,64.43,9847918
2015-08-04 01:00:00,64.41,64.82,63.22,63.45,12106771
2015-08-05 01:00:00,63.66,64.49,63.5,63.88,9451292
2015-08-06 01:00:00,63.75,64.11,62.65,62.84,12280301
2015-08-07 01:00:00,62.76,63.425,62.6,63.02,17441652
2015-08-10 01:00:00,62.5,63.33,62.5,63.15,17649598
2015-08-11 01:00:00,62.57,63.06,62.34,62.55,13666973
2015-08-12 01:00:00,62.4,62.67,61.602,62.58,12702137
2015-08-13 01:00:00,62.5,62.6,61.95,62.03,9402553
2015-08-14 01:00:00,61.79,62.55,61.79,61.91,9202822
2015-08-17 01:00:00,61.5,62.11,61.48,62.07,11549661
2015-08-18 01:00:00,61.57,61.8458,61.3,61.32,10632089
2015-08-19 01:00:00,60.89,61.62,60.71,61.18,11576950
2015-08-20 01:00:00,60.85,61.34,60.15,60.15,13173536
2015-08-21 01:00:00,59.69,60.1,57.56,57.61,19647317
2015-08-24 01:00:00,54.18,57.805,52.59,55.28,29486895
2015-08-25 01:00:00,56.62,56.9185,53.74,53.88,21855441
2015-08-26 01:00:00,55.5,56.74,54.85,56.66,22001505
2015-08-27 01:00:00,57.07,57.4498,56.17,57.36,18261608
2015-08-28 01:00:00,57.15,57.76,57.03,57.45,12673261
2015-08-31 01:00:00,56.57,57.26,56.35,56.58,9898841
2015-09-01 01:00:00,55.25,55.911,54.69,55.02,13136572
2015-09-02 01:00:00,55.63,55.88,55.009,55.86,11629075
2015-09-03 01:00:00,56.22,56.76,55.47,55.55,10717921
2015-09-04 01:00:00,54.94,55.1,54.14,54.29,11424658
2015-09-08 01:00:00,55.11,55.35,54.77,55.2,10938537
2015-09-09 01:00:00,55.85,55.89,54.16,54.32,12577249
2015-09-10 01:00:00,54.5,55.81,54.28,55.33,13997124
2015-09-11 01:00:00,55.05,55.155,54.35,54.66,10793296
2015-09-14 01:00:00,54.75,54.98,54.07,54.31,9720675
2015-09-15 01:00:00,54.82,55.165,54.355,54.87,9264973
2015-09-16 01:00:00,54.81,55.5253,54.68,55.2,8091925
2015-09-17 01:00:00,55.19,55.91,54.85,54.98,9698113
2015-09-18 01:00:00,54.25,54.96,54.02,54.45,26572507
2015-09-21 01:00:00,54.63,54.73,54.0,54.39,9289601
2015-09-22 01:00:00,53.78,54.23,53.58,53.94,9946773
2015-09-23 01:00:00,54.15,54.15,53.37,53.56,7243933
2015-09-24 01:00:00,53.18,53.53,52.39,53.27,13502002
2015-09-25 01:00:00,53.95,54.0,52.96,53.22,11661948
2015-09-28 01:00:00,53.05,53.27,52.52,52.54,11773069
2015-09-29 01:00:00,52.5,52.91,52.17,52.43,9789895
2015-09-30 01:00:00,52.99,53.81,52.895,53.73,12849747
2015-10-01 01:00:00,53.6,53.82,53.0,53.18,9554861
2015-10-02 01:00:00,53.07,55.15,53.0,55.07,13192246
2015-10-05 01:00:00,55.58,56.49,55.57,56.23,9933198
2015-10-06 01:00:00,56.0,56.52,55.42,56.32,10428566
2015-10-07 01:00:00,56.56,57.35,56.04,56.61,8952276
2015-10-08 01:00:00,56.49,57.675,56.32,57.66,8635217
2015-10-09 01:00:00,57.87,58.12,57.37,57.78,8883012
2015-10-12 01:00:00,57.63,58.08,57.47,57.79,6913442
2015-10-13 01:00:00,57.19,58.08,57.02,57.51,7377266
2015-10-14 01:00:00,57.52,59.14,57.51,58.63,12471573
2015-10-15 01:00:00,59.0,59.91,58.655,59.26,9055568
2015-10-16 01:00:00,59.48,60.0,58.91,59.91,8924916
2015-10-19 01:00:00,59.46,59.63,58.61,59.1,10975232
2015-10-20 01:00:00,58.68,59.205,58.68,59.0,9102198
2015-10-21 01:00:00,59.28,59.77,58.89,58.97,6936334
2015-10-22 01:00:00,59.49,60.64,59.49,60.43,10913552
2015-10-23 01:00:00,60.63,61.19,60.49,60.725,9175621
2015-10-26 01:00:00,60.91,60.91,58.7,59.21,13380961
2015-10-27 01:00:00,58.91,59.35,58.77,59.28,9485863
2015-10-28 01:00:00,59.33,60.3,59.23,60.265,7738307
2015-10-29 01:00:00,59.67,60.23,59.58,60.0,5567708
2015-10-30 01:00:00,60.12,60.2,59.42,59.42,8630290
2015-11-02 02:00:00,59.7,60.76,59.51,60.64,8577221
2015-11-03 02:00:00,60.4,61.18,60.26,60.87,7704254
2015-11-04 02:00:00,60.89,61.01,60.07,60.26,10795881
2015-11-05 02:00:00,56.73,56.81,49.92,51.07,65856362
2015-11-06 02:00:00,51.63,53.7,51.625,53.42,31252913
2015-11-09 02:00:00,52.88,53.35,52.62,52.94,15092008
2015-11-10 02:00:00,52.53,52.99,51.95,52.27,13489547
2015-11-11 02:00:00,52.6,53.24,52.37,52.85,11034666
2015-11-12 02:00:00,52.75,53.19,52.52,52.58,10806963
2015-11-13 02:00:00,52.3,52.75,51.82,51.94,10439873
2015-11-16 02:00:00,51.96,52.86,51.96,52.77,9213990
2015-11-17 02:00:00,52.7,53.55,52.57,52.98,10686186
2015-11-18 02:00:00,51.94,51.94,47.52,48.0,45214463
2015-11-19 02:00:00,48.51,49.28,48.23,48.39,20547909
2015-11-20 02:00:00,48.8,49.77,48.5,49.62,17229809
2015-11-23 02:00:00,49.09,49.58,48.76,48.965,11632840
2015-11-24 02:00:00,49.03,49.73,48.86,49.41,12090114
2015-11-25 02:00:00,49.41,49.65,48.85,49.1,9967115
2015-11-27 02:00:00,48.67,48.85,48.47,48.54,3441634
2015-11-30 02:00:00,48.6,48.86,48.3,48.79,13716041
2015-12-01 02:00:00,48.75,49.32,48.6,49.3,9915790
2015-12-02 02:00:00,51.905,53.44,51.8,51.85,36745077
2015-12-03 02:00:00,52.16,52.24,50.37,51.4,25438139
2015-12-04 02:00:00,52.09,52.57,51.41,52.34,16177724
2015-12-07 02:00:00,52.31,52.54,51.89,52.43,10160685
2015-12-08 02:00:00,50.63,50.96,49.305,49.48,18917091
2015-12-09 02:00:00,49.64,49.9799,48.42,48.59,16131021
2015-12-10 02:00:00,48.65,49.57,48.471,48.57,11619464
2015-12-11 02:00:00,48.2,48.36,47.34,47.46,12977605
2015-12-14 02:00:00,47.41,47.96,45.93,46.83,17223486
2015-12-15 02:00:00,47.71,48.81,46.8,48.02,20086940
2015-12-16 02:00:00,48.25,48.6,47.15,48.07,13308303
2015-12-17 02:00:00,49.32,49.6,47.54,47.54,15328038
2015-12-18 02:00:00,47.37,48.04,47.02,47.43,46440181
2015-12-21 02:00:00,47.61,48.925,47.54,48.76,16779008
2015-12-22 02:00:00,48.53,49.19,48.43,49.065,10139772
2015-12-23 02:00:00,49.24,49.52,48.9,49.04,9397921
2015-12-24 02:00:00,49.0,49.875,49.0,49.55,5352009
2015-12-28 02:00:00,49.45,49.81,49.23,49.58,8395554
2015-12-29 02:00:00,50.28,51.25,50.07,50.88,14371321
2015-12-30 02:00:00,50.88,51.25,50.36,50.41,8529266
2015-12-31 02:00:00,50.06,50.439,49.89,49.985,7613411
2016-01-04 02:00:00,49.43,50.175,48.91,50.12,12571257
2016-01-05 02:00:00,50.46,50.6,49.07,49.14,13482312
2016-01-06 02:00:00,48.36,48.66,47.76,48.64,15783517
2016-01-07 02:00:00,47.78,48.0,45.98,46.14,20495621
2016-01-08 02:00:00,46.81,46.85,45.84,45.875,15285528
2016-01-11 02:00:00,46.36,46.53,45.33,46.07,13624903
2016-01-12 02:00:00,46.45,46.68,45.62,46.52,9290710
2016-01-13 02:00:00,47.22,47.97,46.07,46.1,17285126
2016-01-14 02:00:00,46.21,48.005,45.84,47.73,21649381
2016-01-15 02:00:00,46.04,46.51,45.13,45.82,17273304
2016-01-19 02:00:00,46.5,46.58,45.47,46.09,12679951
2016-01-20 02:00:00,45.5,46.18,44.39,45.93,14761544
2016-01-21 02:00:00,46.36,47.4401,45.71,47.05,12913651
2016-01-22 02:00:00,47.81,48.28,47.44,48.07,12154853
2016-01-25 02:00:00,47.97,48.39,47.52,47.58,9365810
2016-01-26 02:00:00,47.6,48.85,47.52,48.52,9273362
2016-01-27 02:00:00,48.0,48.58,47.16,47.53,12305041
2016-01-28 02:00:00,45.8,45.82,43.47,43.59,27935180
2016-01-29 02:00:00,44.05,45.35,43.67,45.34,24039178
2016-02-01 02:00:00,44.71,46.41,44.39,46.11,13120449
2016-02-02 02:00:00,45.18,45.4,42.88,43.15,21079668
2016-02-03 02:00:00,43.6,45.0,43.31,44.73,16733601
2016-02-04 02:00:00,44.62,45.76,44.38,45.66,10798898
2016-02-05 02:00:00,45.45,45.6,43.765,44.02,10709828
2016-02-08 02:00:00,43.51,44.16,42.83,43.89,12799021
2016-02-09 02:00:00,43.65,44.06,43.165,43.61,10339828
2016-02-10 02:00:00,44.0,44.5198,42.9,42.96,10044634
2016-02-11 02:00:00,42.51,43.29,42.24,43.0,12537683
2016-02-12 02:00:00,43.35,44.76,43.08,44.56,11696498
2016-02-16 02:00:00,45.6,46.83,45.4,46.73,13832535
2016-02-17 02:00:00,47.05,48.53,47.01,48.41,14868233
2016-02-18 02:00:00,48.41,49.31,48.02,49.08,13173124
2016-02-19 02:00:00,49.04,50.04,48.76,49.42,16196763
2016-02-22 02:00:00,50.08,51.29,50.07,51.28,16793620
2016-02-23 02:00:00,51.0,51.0,50.11,50.42,9358656
2016-02-24 02:00:00,50.0,51.66,49.73,51.52,10966556
2016-02-25 02:00:00,51.5,51.79,50.9,51.64,8352364
2016-02-26 02:00:00,52.0,52.0,51.22,51.62,9528379
2016-02-29 02:00:00,51.17,51.53,50.71,50.79,12127294
2016-03-01 02:00:00,51.08,52.11,51.06,52.11,11977412
2016-03-02 02:00:00,52.39,52.98,52.24,52.85,15664768
2016-03-03 02:00:00,52.45,52.81,51.86,52.38,12365224
2016-03-04 02:00:00,52.33,52.895,51.9,52.66,12770324
2016-03-07 02:00:00,52.44,53.52,52.3633,53.3,10180746
2016-03-08 02:00:00,52.89,53.21,51.98,52.46,11684313
2016-03-09 02:00:00,52.41,52.52,51.74,51.95,13964474
2016-03-10 02:00:00,51.91,52.37,51.17,52.02,9539053
2016-03-11 02:00:00,52.59,52.6435,51.89,52.22,11404260
2016-03-14 01:00:00,52.24,52.41,51.74,52.09,7407247
2016-03-15 01:00:00,51.75,51.83,50.98,51.63,12887645
2016-03-16 01:00:00,51.63,51.63,50.91,51.3,21052317
2016-03-17 01:00:00,51.15,51.69,51.12,51.38,10190409
2016-03-18 01:00:00,51.69,51.87,51.2327,51.59,28991514
2016-03-21 01:00:00,51.6,52.35,51.51,52.21,11796477
2016-03-22 01:00:00,51.84,52.32,51.79,52.02,6623186
2016-03-23 01:00:00,52.12,52.1599,50.81,50.99,9194607
2016-03-24 01:00:00,50.63,50.9,50.13,50.86,7527316
2016-03-28 01:00:00,50.43,50.61,49.95,50.19,9065233
2016-03-29 01:00:00,50.0,50.94,49.67,50.69,10462605
2016-03-30 01:00:00,51.17,51.65,50.73,50.99,7142772
2016-03-31 01:00:00,50.87,51.43,50.83,51.14,7315830
2016-04-01 01:00:00,51.08,51.11,50.01,50.88,9379771
2016-04-04 01:00:00,50.81,51.111,50.51,50.65,6289819
2016-04-05 01:00:00,50.44,50.53,50.0,50.07,6863302
2016-04-06 01:00:00,50.1402,50.73,49.725,50.62,7631612
2016-04-07 01:00:00,50.4,50.45,49.77,50.03,7532242
2016-04-08 01:00:00,50.37,51.15,50.25,50.56,5584828
2016-04-11 01:00:00,50.86,51.575,50.86,51.0,8637157
2016-04-12 01:00:00,51.05,51.1,50.2,50.82,6116949
2016-04-13 01:00:00,51.3,52.44,51.15,51.92,13813483
2016-04-14 01:00:00,51.85,51.89,51.24,51.82,7921374
2016-04-15 01:00:00,51.93,51.99,51.03,51.06,10143319
2016-04-18 01:00:00,51.09,51.73,50.94,51.55,7673094
2016-04-19 01:00:00,51.73,51.93,51.3,51.83,9306392
2016-04-20 01:00:00,51.93,52.54,51.81,52.09,11216936
2016-04-21 01:00:00,51.3,51.8,50.74,51.67,16728621
2016-04-22 01:00:00,51.71,53.09,51.68,52.64,14029679
2016-04-25 01:00:00,52.6,52.72,52.03,52.43,6941225
2016-04-26 01:00:00,52.54,52.96,52.45,52.91,7600083
2016-04-27 01:00:00,52.03,53.13,52.01,52.9,8256621
2016-04-28 01:00:00,52.48,53.28,52.04,52.13,7795038
2016-04-29 01:00:00,51.83,52.0,50.11,50.52,11437400
2016-05-02 01:00:00,50.69,51.17,50.13,51.11,7123453
2016-05-03 01:00:00,50.67,50.92,50.19,50.73,7848643
2016-05-04 01:00:00,50.19,50.88,50.15,50.49,11981765
2016-05-05 01:00:00,50.74,51.27,50.43,51.13,10189107
2016-05-06 01:00:00,50.65,51.1218,50.38,50.92,9434472
2016-05-09 01:00:00,51.0,51.6,50.79,51.2,7173553
2016-05-10 01:00:00,51.26,52.23,50.97,52.15,8199000
2016-05-11 01:00:00,51.83,52.53,51.69,52.15,8324076
2016-05-12 01:00:00,52.33,52.53,51.36,51.51,9515978
2016-05-13 01:00:00,51.46,52.08,51.105,51.32,6975089
2016-05-16 01:00:00,51.32,52.17,51.12,51.91,6823591
2016-05-17 01:00:00,51.74,52.28,51.5,51.99,9386169
2016-05-18 01:00:00,52.07,53.34,52.0,52.79,10519131
2016-05-19 01:00:00,52.71,53.08,52.26,52.76,8613953
2016-05-20 01:00:00,52.97,54.58,52.87,54.52,14003633
2016-05-23 01:00:00,54.2,54.86,54.15,54.18,9685318
2016-05-24 01:00:00,54.42,55.62,54.4,55.59,13097681
2016-05-25 01:00:00,55.7,56.27,55.69,55.98,9279652
2016-05-26 01:00:00,55.97,56.14,55.51,55.74,7020946
2016-05-27 01:00:00,55.33,55.39,55.02,55.27,5918151
2016-05-31 01:00:00,55.39,55.43,54.82,54.92,15093355
2016-06-01 01:00:00,54.5,54.97,54.45,54.79,12156815
2016-06-02 01:00:00,54.65,54.92,54.285,54.88,9036180
2016-06-03 01:00:00,54.99,55.0093,54.47,54.94,10008119
2016-06-06 01:00:00,54.98,55.37,54.66,54.89,7905117
2016-06-07 01:00:00,54.94,55.18,54.665,54.84,5400156
2016-06-08 01:00:00,54.73,55.05,54.67,54.94,6314812
2016-06-09 01:00:00,54.4,55.04,54.19,54.98,8726216
2016-06-10 01:00:00,54.46,54.75,53.4,53.83,15791601
2016-06-13 01:00:00,53.6,53.901,52.735,52.83,12128916
2016-06-14 01:00:00,52.66,53.25,52.47,52.7,8887261
2016-06-15 01:00:00,53.05,53.56,52.67,53.28,8832397
2016-06-16 01:00:00,52.97,53.47,52.48,53.42,5907509
2016-06-17 01:00:00,53.73,53.82,53.104,53.55,14548762
2016-06-20 01:00:00,54.17,54.66,53.86,53.89,8680761
2016-06-21 01:00:00,54.25,54.25,53.595,53.88,6431688
2016-06-22 01:00:00,53.9,54.97,53.9,54.04,8481587
2016-06-23 01:00:00,54.85,55.57,54.57,55.55,8952241
2016-06-24 01:00:00,53.01,53.82,52.12,52.12,17018501
2016-06-27 01:00:00,52.29,52.29,50.84,51.14,11702018
2016-06-28 01:00:00,51.7,52.555,51.53,52.51,7470440
2016-06-29 01:00:00,53.06,53.84,52.75,53.55,7126900
2016-06-30 01:00:00,52.9,53.57,52.46,53.57,9254406
2016-07-01 01:00:00,52.99,53.39,52.84,53.0,6384953
2016-07-05 01:00:00,52.95,52.97,51.89,51.94,10626212
2016-07-06 01:00:00,51.57,52.53,51.16,52.37,7740722
2016-07-07 01:00:00,52.58,53.38,52.41,52.93,5763546
2016-07-08 01:00:00,53.49,54.33,53.32,54.19,6853891
2016-07-11 01:00:00,53.96,54.71,53.94,54.115,6941561
2016-07-12 01:00:00,54.45,54.74,54.21,54.62,7413747
2016-07-13 01:00:00,54.91,55.0,54.6301,54.83,5676402
2016-07-14 01:00:00,55.19,55.365,54.56,54.88,6601526
2016-07-15 01:00:00,54.86,54.86,54.17,54.75,10236935
2016-07-18 01:00:00,55.14,55.65,54.98,55.35,9225899
2016-07-19 01:00:00,55.73,55.9,54.95,55.14,8164205
2016-07-20 01:00:00,55.36,55.95,55.04,55.82,17204320
2016-07-21 01:00:00,59.8,60.47,59.13,59.93,33912287
2016-07-22 01:00:00,60.21,61.18,59.83,61.15,12505660
2016-07-25 01:00:00,60.96,60.97,60.15,60.73,9166238
2016-07-26 01:00:00,61.0,61.5,60.77,61.35,11272640
2016-07-27 01:00:00,61.82,62.658,61.65,62.51,13395146
2016-07-28 01:00:00,62.44,62.79,62.17,62.43,8514227
2016-07-29 01:00:00,62.6,62.82,62.24,62.58,8291025
2016-08-01 01:00:00,62.37,62.4,61.58,61.85,14606196
2016-08-02 01:00:00,61.74,61.95,60.02,60.6,14732815
2016-08-03 01:00:00,60.59,61.11,60.5,61.01,6448170
2016-08-04 01:00:00,61.11,61.23,60.73,60.98,5169565
2016-08-05 01:00:00,61.52,62.105,61.265,62.0,8320708
2016-08-08 01:00:00,62.05,62.19,61.37,61.58,8410629
2016-08-09 01:00:00,61.91,62.44,61.83,61.99,5350470
2016-08-10 01:00:00,62.0,62.16,61.44,61.71,3836232
2016-08-11 01:00:00,61.89,62.155,61.67,61.74,4988258
2016-08-12 01:00:00,61.54,61.99,61.28,61.71,4947656
2016-08-15 01:00:00,61.8,62.49,61.8,62.43,6498977
2016-08-16 01:00:00,62.08,62.5,61.76,62.07,7651256
2016-08-17 01:00:00,62.22,62.4,61.79,62.28,6812379
2016-08-18 01:00:00,62.35,63.04,62.1775,63.04,7935943
2016-08-19 01:00:00,62.61,62.84,62.01,62.76,7092997
2016-08-22 01:00:00,62.7,62.87,62.35,62.83,5721165
2016-08-23 01:00:00,63.0,63.69,62.83,63.09,5970672
2016-08-24 01:00:00,62.92,63.24,62.47,62.61,6902405
2016-08-25 01:00:00,62.67,62.96,62.58,62.64,4916719
2016-08-26 01:00:00,62.89,63.51,62.65,62.97,7255608
2016-08-29 01:00:00,62.42,63.085,62.37,62.98,5354712
2016-08-30 01:00:00,63.0,63.51,62.71,62.94,5047613
2016-08-31 01:00:00,62.98,63.12,62.53,63.07,6516564
2016-09-01 01:00:00,62.87,63.5,62.51,63.47,6906300
2016-09-02 01:00:00,63.53,63.7,63.09,63.35,6325874
2016-09-06 01:00:00,63.12,63.39,62.88,63.09,5603002
2016-09-07 01:00:00,63.19,63.25,62.32,62.43,6281596
2016-09-08 01:00:00,62.03,62.81,62.005,62.69,7698134
2016-09-09 01:00:00,62.01,62.29,60.5,60.52,10625610
2016-09-12 01:00:00,60.23,62.27,59.93,62.25,10158630
2016-09-13 01:00:00,61.82,62.2,60.94,61.29,8397124
2016-09-14 01:00:00,61.29,61.95,61.04,61.59,5993289
2016-09-15 01:00:00,61.95,62.67,61.55,62.54,8886405
2016-09-16 01:00:00,62.88,63.44,62.37,62.99,14677679
2016-09-19 01:00:00,63.13,63.39,62.76,62.86,6759881
2016-09-20 01:00:00,63.27,63.3,62.53,62.7,5471416
2016-09-21 01:00:00,63.1,63.64,62.91,63.57,7488588
2016-09-22 01:00:00,63.71,64.0,63.36,63.52,7895710
2016-09-23 01:00:00,63.0,63.57,62.67,62.75,7794722
2016-09-26 01:00:00,62.49,62.56,61.86,62.31,6207366
2016-09-27 01:00:00,62.53,63.36,62.44,63.31,5228334
2016-09-28 01:00:00,63.23,63.69,63.0,63.45,5251926
2016-09-29 01:00:00,63.28,68.83,62.712,67.45,43098784
2016-09-30 01:00:00,68.4,70.4,68.15,68.5,34879502
2016-10-03 01:00:00,68.08,69.28,66.87,67.11,10153594
2016-10-04 01:00:00,67.7,67.7,66.56,66.68,9746412
2016-10-05 01:00:00,66.84,67.42,66.55,66.84,6361993
2016-10-06 01:00:00,66.8,69.32,66.23,67.54,12957165
2016-10-07 01:00:00,67.53,68.33,67.49,68.19,8398099
2016-10-10 01:00:00,68.34,68.58,67.06,67.25,7030377
2016-10-11 01:00:00,67.0,67.09,65.45,66.09,8910597
2016-10-12 01:00:00,66.49,66.49,65.06,66.06,6615721
2016-10-13 01:00:00,65.55,66.06,64.3,65.7,7236603
2016-10-14 01:00:00,65.94,66.59,65.45,65.7,6743106
2016-10-17 01:00:00,65.53,65.71,65.09,65.19,6348209
2016-10-18 01:00:00,66.18,66.22,65.57,66.1,5966858
2016-10-19 01:00:00,65.88,66.065,65.305,65.79,5414694
2016-10-20 01:00:00,65.48,68.17,65.48,67.34,13579044
2016-10-21 01:00:00,67.11,69.44,66.7,67.93,19676630
2016-10-24 01:00:00,68.4,68.45,67.48,68.06,6669606
2016-10-25 01:00:00,67.9,68.25,67.48,67.71,5369950
2016-10-26 01:00:00,67.31,68.62,67.25,68.2,9241241
2016-10-27 01:00:00,70.8,71.62,70.0,70.09,33941733
2016-10-28 01:00:00,70.52,70.53,67.66,68.4,17952659
2016-10-31 01:00:00,69.0,69.51,68.68,68.72,10108268
2016-11-01 01:00:00,69.0,69.35,67.5411,68.34,8910085
2016-11-02 01:00:00,68.46,68.6,67.025,67.09,15183040
2016-11-03 01:00:00,67.69,68.57,65.93,66.95,15644319
2016-11-04 01:00:00,65.74,67.41,65.74,66.73,8584254
2016-11-07 02:00:00,67.72,68.58,67.39,68.46,9205303
2016-11-08 02:00:00,68.22,68.71,67.63,68.27,6696564
2016-11-09 02:00:00,66.63,68.09,66.25,67.88,11604410
2016-11-10 02:00:00,67.81,68.2101,64.32,66.31,17774884
2016-11-11 02:00:00,65.87,67.0,65.84,66.88,10239827
2016-11-14 02:00:00,67.42,67.42,65.93,65.93,8256806
2016-11-15 02:00:00,66.26,67.16,65.95,66.77,9615236
2016-11-16 02:00:00,66.71,66.71,65.65,66.3,9552165
2016-11-17 02:00:00,66.44,66.77,66.16,66.67,6982456
2016-11-18 02:00:00,66.68,67.455,65.94,67.31,9889299
2016-11-21 02:00:00,66.86,67.2,66.15,67.1,7868947
2016-11-22 02:00:00,67.57,68.6,67.04,68.31,9803646
2016-11-23 02:00:00,68.33,68.5,67.75,68.13,4820254
2016-11-25 02:00:00,68.16,68.42,67.71,68.29,4200136
2016-11-28 02:00:00,67.42,67.7,66.8,67.1,8225168
2016-11-29 02:00:00,67.23,67.54,66.63,66.77,6544858
2016-11-30 02:00:00,66.8,68.31,66.5,68.13,12470027
2016-12-01 02:00:00,67.72,67.92,63.78,64.16,16563896
2016-12-02 02:00:00,63.95,66.33,63.95,65.84,9687015
2016-12-05 02:00:00,66.38,66.94,65.69,66.36,8708196
2016-12-06 02:00:00,66.65,67.48,66.5,67.45,6701797
2016-12-07 02:00:00,67.35,68.34,66.955,68.34,7202661
2016-12-08 02:00:00,68.42,69.18,68.37,68.55,5552585
2016-12-09 02:00:00,68.61,68.89,67.8,68.52,5551783
2016-12-12 02:00:00,68.37,68.645,67.92,68.47,5615537
2016-12-13 02:00:00,68.72,70.24,68.49,69.34,8494227
2016-12-14 02:00:00,68.64,69.18,67.35,67.56,9957690
2016-12-15 02:00:00,68.1,68.77,67.31,68.03,7162470
2016-12-16 02:00:00,68.49,68.49,66.3,66.46,18155239
2016-12-19 02:00:00,66.79,67.43,66.6411,67.02,7884694
2016-12-20 02:00:00,67.38,67.56,66.77,66.91,6685432
2016-12-21 02:00:00,67.07,67.35,66.82,67.16,5211362
2016-12-22 02:00:00,67.64,67.75,66.46,66.76,5900160
2016-12-23 02:00:00,66.89,66.94,66.521,66.86,3088052
2016-12-27 02:00:00,67.14,67.575,67.06,67.25,3028159
2016-12-28 02:00:00,66.65,67.07,65.7,65.75,6547168
2016-12-29 02:00:00,65.5,66.08,65.42,66.04,3700771
2016-12-30 02:00:00,66.25,66.35,65.04,65.2,5941909
2017-01-03 02:00:00,65.86,66.14,64.601,65.4,9519838
2017-01-04 02:00:00,65.67,65.95,65.26,65.47,6221655
2017-01-05 02:00:00,65.32,65.9764,65.05,65.55,5998898
2017-01-06 02:00:00,65.48,65.87,64.8601,65.53,6749352
2017-01-09 02:00:00,65.53,66.265,65.49,65.65,4769160
2017-01-10 02:00:00,65.95,66.155,65.57,65.63,6076032
2017-01-11 02:00:00,65.75,66.11,65.42,66.1,8349761
2017-01-12 02:00:00,65.35,66.18,65.0546,66.12,6113613
2017-01-13 02:00:00,66.25,67.08,66.16,66.88,6177365
2017-01-17 02:00:00,66.71,66.97,63.15,64.19,22426310
2017-01-18 02:00:00,64.67,66.09,63.81,65.13,15883201
2017-01-19 02:00:00,64.97,65.4,64.36,64.44,9429206
2017-01-20 02:00:00,65.19,65.74,62.62,62.88,20936881
2017-01-23 02:00:00,58.67,58.67,53.77,54.88,94436001
2017-01-24 02:00:00,55.02,55.7699,54.7,55.0,41751760
2017-01-25 02:00:00,56.1,56.98,55.5,56.9,27969706
2017-01-26 02:00:00,55.35,55.49,53.5,54.05,37888156
2017-01-27 02:00:00,54.65,54.76,54.0,54.24,23474353
2017-01-30 02:00:00,54.39,54.4,53.55,53.61,14853856
2017-01-31 02:00:00,53.61,53.64,52.83,53.43,13995448
2017-02-01 02:00:00,53.64,53.8192,52.86,53.15,16102109
2017-02-02 02:00:00,52.95,53.0992,52.37,52.66,14481242
2017-02-03 02:00:00,52.95,53.22,52.75,52.98,10965245
2017-02-06 02:00:00,53.31,53.41,52.82,52.88,8215133
2017-02-07 02:00:00,53.22,53.28,52.76,53.27,10374100
2017-02-08 02:00:00,53.39,53.39,52.72,52.89,9229045
2017-02-09 02:00:00,52.91,53.1,52.76,52.88,7615138
2017-02-10 02:00:00,53.1,54.2825,52.93,54.0,14042202
2017-02-13 02:00:00,54.58,55.13,54.26,54.93,14516176
2017-02-14 02:00:00,55.428,55.52,54.82,55.48,13071979
2017-02-15 02:00:00,55.63,56.5,55.49,56.49,14149193
2017-02-16 02:00:00,56.58,56.9,56.445,56.88,11622895
2017-02-17 02:00:00,56.85,56.94,56.05,56.46,12456638
2017-02-21 02:00:00,56.83,57.19,56.58,56.75,9878152
2017-02-22 02:00:00,56.78,57.1,56.48,57.1,8711537
2017-02-23 02:00:00,57.01,57.305,56.77,57.14,10152814
2017-02-24 02:00:00,57.02,57.23,56.5,57.22,10644787
2017-02-27 02:00:00,56.56,56.98,56.31,56.73,7127599
2017-02-28 02:00:00,56.49,56.52,55.89,56.48,10388173
2017-03-01 02:00:00,56.93,57.08,56.27,57.01,11082396
2017-03-02 02:00:00,56.95,57.153,56.24,56.37,8451735
2017-03-03 02:00:00,56.52,56.57,56.0,56.44,6984526
2017-03-06 02:00:00,56.27,56.56,56.07,56.45,7241631
2017-03-07 02:00:00,56.6,56.82,56.19,56.73,7131737
2017-03-08 02:00:00,56.92,58.08,56.8,57.77,13201652
2017-03-09 02:00:00,57.65,58.1,57.4027,57.97,9875608
2017-03-10 02:00:00,58.36,58.79,58.3,58.64,9751987
2017-03-13 01:00:00,59.03,59.04,58.2,58.46,7737879
2017-03-14 01:00:00,58.375,58.375,57.72,58.22,6276935
2017-03-15 01:00:00,58.42,58.75,58.18,58.52,9029458
2017-03-16 01:00:00,58.3,58.73,58.16,58.35,7206192
2017-03-17 01:00:00,58.57,58.61,57.51,57.55,20057782
2017-03-20 01:00:00,57.79,58.07,57.59,57.81,7498218
2017-03-21 01:00:00,57.93,58.1,56.74,56.8,10092647
2017-03-22 01:00:00,56.73,57.125,56.1,57.04,9129711
2017-03-23 01:00:00,57.16,57.27,56.59,56.81,7718655
2017-03-24 01:00:00,57.47,57.47,56.64,56.92,5621440
2017-03-27 01:00:00,56.72,56.94,56.48,56.66,4726309
2017-03-28 01:00:00,56.67,57.61,56.67,57.38,5953489
2017-03-29 01:00:00,57.09,57.37,56.86,57.36,4042648
2017-03-30 01:00:00,57.36,57.65,57.19,57.2,6358995
2017-03-31 01:00:00,57.46,57.69,56.97,57.34,10064955
2017-04-03 01:00:00,57.26,57.34,56.04,56.5,11343523
2017-04-04 01:00:00,56.3,56.9099,56.25,56.68,7124105
2017-04-05 01:00:00,56.8,57.53,56.42,56.47,7857728
2017-04-06 01:00:00,56.44,56.73,56.1393,56.53,5757837
2017-04-07 01:00:00,56.58,56.6,56.1938,56.32,5229759
2017-04-10 01:00:00,56.43,56.81,56.27,56.52,6039764
2017-04-11 01:00:00,56.32,56.36,54.72,55.35,17301754
2017-04-12 01:00:00,54.64,54.65,53.12,53.39,24822200
2017-04-13 01:00:00,53.13,53.675,52.78,52.79,17014422
2017-04-17 01:00:00,52.99,53.13,52.75,52.89,10471714
2017-04-18 01:00:00,52.6,52.98,52.39,52.67,11262770
2017-04-19 01:00:00,53.0,53.1,52.3,52.61,15441526
2017-04-20 01:00:00,53.22,53.4,51.4,52.66,24664581
2017-04-21 01:00:00,52.77,52.8,52.21,52.5,10951539
2017-04-24 01:00:00,53.01,53.25,52.75,52.81,10784366
2017-04-25 01:00:00,53.17,53.49,52.96,53.0,11688660
2017-04-26 01:00:00,53.2,53.3,52.91,53.04,7373776
2017-04-27 01:00:00,53.24,53.34,52.91,53.21,6956210
2017-04-28 01:00:00,51.8,53.95,51.05,53.74,34374139
2017-05-01 01:00:00,53.65,53.7,53.095,53.6,12987659
2017-05-02 01:00:00,53.65,53.725,52.9,53.29,10445444
2017-05-03 01:00:00,53.41,54.77,53.25,54.49,18428284
2017-05-04 01:00:00,54.73,55.0,54.5,54.91,11993428
2017-05-05 01:00:00,54.93,55.0,54.695,54.93,9108818
2017-05-08 01:00:00,54.99,55.0,54.56,54.62,7033362
2017-05-09 01:00:00,54.69,55.19,54.63,55.15,8332919
2017-05-10 01:00:00,55.22,55.4273,54.8627,55.33,8517699
2017-05-11 01:00:00,55.25,55.3,54.41,54.68,13514708
2017-05-12 01:00:00,54.5,55.35,54.4,55.32,9107629
2017-05-15 01:00:00,55.08,55.49,55.075,55.4,10686064
2017-05-16 01:00:00,55.39,55.98,55.1,55.95,9599290
2017-05-17 01:00:00,55.64,56.075,55.3,55.36,14811304
2017-05-18 01:00:00,55.58,56.31,55.02,56.12,13125299
2017-05-19 01:00:00,56.49,57.79,56.2,57.67,16643755
2017-05-22 01:00:00,58.39,59.54,58.38,59.28,20771548
2017-05-23 01:00:00,59.38,59.89,59.13,59.22,14223368
2017-05-24 01:00:00,59.28,59.62,58.57,58.64,8625623
2017-05-25 01:00:00,58.65,58.95,58.261,58.45,9556506
2017-05-26 01:00:00,57.66,57.978,57.37,57.52,8261886
2017-05-30 01:00:00,57.28,57.74,57.17,57.34,11553716
2017-05-31 01:00:00,57.26,57.73,57.0,57.27,14082627
2017-06-01 01:00:00,57.45,58.65,57.35,58.62,11560120
2017-06-02 01:00:00,58.89,58.96,58.35,58.58,9538011
2017-06-05 01:00:00,58.5,59.05,58.48,58.86,7960848
2017-06-06 01:00:00,58.6,58.91,58.18,58.2,7871534
2017-06-07 01:00:00,58.3,58.49,57.13,57.53,10126509
2017-06-08 01:00:00,57.77,58.15,57.61,58.12,10322232
2017-06-09 01:00:00,58.37,58.49,56.74,57.05,13624828
2017-06-12 01:00:00,56.52,57.675,56.48,57.49,9985065
2017-06-13 01:00:00,57.95,58.065,57.5,57.54,7111499
2017-06-14 01:00:00,57.7,57.97,56.67,57.01,6740008
2017-06-15 01:00:00,56.42,57.17,56.4,56.93,5416623
2017-06-16 01:00:00,56.98,57.01,56.35,56.82,14555633
2017-06-19 01:00:00,56.96,57.66,56.91,57.61,7166237
2017-06-20 01:00:00,57.46,57.61,56.51,56.79,8181643
2017-06-21 01:00:00,56.79,56.84,56.12,56.33,8324937
2017-06-22 01:00:00,56.24,56.745,56.06,56.47,5560135
2017-06-23 01:00:00,56.64,57.4365,56.57,56.91,11847870
2017-06-26 01:00:00,57.09,57.6892,56.21,56.56,7339073
2017-06-27 01:00:00,56.29,56.33,55.41,55.43,6814393
2017-06-28 01:00:00,55.4,56.32,55.18,56.16,7542428
2017-06-29 01:00:00,55.93,55.93,54.55,55.08,8456872
2017-06-30 01:00:00,55.6,55.63,55.03,55.22,8781900
2017-07-03 01:00:00,55.53,56.02,54.92,54.95,0
2017-07-05 01:00:00,55.01,55.56,54.78,55.45,6823806
2017-07-06 01:00:00,55.02,55.23,54.735,54.79,5663022
2017-07-07 01:00:00,55.04,55.73,54.87,55.35,5355977
2017-07-10 01:00:00,55.37,55.885,55.19,55.64,5098110
2017-07-11 01:00:00,55.63,55.63,55.02,55.33,6124863
2017-07-12 01:00:00,55.79,56.31,55.72,56.2,6126846
2017-07-13 01:00:00,56.38,56.52,56.17,56.23,6219216
2017-07-14 01:00:00,56.5,56.93,56.15,56.81,4440059
2017-07-17 01:00:00,56.73,56.92,56.39,56.46,5123598
2017-07-18 01:00:00,56.34,56.38,56.0,56.29,7441014
2017-07-19 01:00:00,56.46,56.9399,56.01,56.78,8783691
2017-07-20 01:00:00,55.11,55.43,53.46,53.97,35943882
2017-07-21 01:00:00,53.66,54.0,53.37,53.84,12113142
2017-07-24 01:00:00,53.75,53.88,53.09,53.22,8832174
2017-07-25 01:00:00,53.2,53.65,53.07,53.27,7112089
2017-07-26 01:00:00,53.29,53.35,52.74,53.14,7581480
2017-07-27 01:00:00,53.08,53.37,52.23,52.49,14069183
2017-07-28 01:00:00,52.27,52.9865,52.27,52.88,6644302
2017-07-31 01:00:00,53.1,53.295,52.75,53.19,11302681
2017-08-01 01:00:00,53.3,53.43,52.91,53.41,9372128
2017-08-02 01:00:00,53.295,53.3885,52.78,53.17,23084022
2017-08-03 01:00:00,53.16,53.3399,52.75,52.95,8643537
2017-08-04 01:00:00,53.0,53.0,52.51,52.62,8677902
2017-08-07 01:00:00,52.5,52.845,52.49,52.7,6561768
2017-08-08 01:00:00,52.55,53.33,52.21,52.29,10462154
2017-08-09 01:00:00,52.05,52.8,52.0,52.77,8085282
2017-08-10 01:00:00,52.54,52.75,52.11,52.34,10767995
2017-08-11 01:00:00,52.39,53.13,52.29,52.72,5894208
2017-08-14 01:00:00,53.04,53.64,52.91,53.55,8118208
2017-08-15 01:00:00,53.66,54.08,53.35,53.87,7876275
2017-08-16 01:00:00,54.06,54.1,53.255,53.31,7414862
2017-08-17 01:00:00,53.19,53.41,52.27,52.27,6589381
2017-08-18 01:00:00,52.26,52.415,51.9,51.92,6696408
2017-08-21 01:00:00,52.0,52.08,51.5,51.98,5205669
2017-08-22 01:00:00,52.21,52.62,52.21,52.35,4443289
2017-08-23 01:00:00,52.3,52.405,51.78,52.23,5259274
2017-08-24 01:00:00,52.37,52.71,52.26,52.49,6198617
2017-08-25 01:00:00,52.78,52.8545,52.02,52.03,8684669
2017-08-28 01:00:00,51.77,51.81,51.46,51.81,4519020
2017-08-29 01:00:00,51.31,51.86,51.28,51.81,4980898
2017-08-30 01:00:00,51.75,52.286,51.56,52.12,4876156
2017-08-31 01:00:00,52.26,52.59,52.12,52.27,8215791
2017-09-01 01:00:00,52.53,52.77,51.925,52.05,5301763
2017-09-05 01:00:00,51.86,51.9,49.83,50.03,17932021
2017-09-06 01:00:00,50.19,50.77,49.83,50.45,16206924
2017-09-07 01:00:00,50.56,50.69,50.25,50.38,10035542
2017-09-08 01:00:00,50.35,50.45,48.92,49.64,12809377
2017-09-11 01:00:00,49.94,50.67,49.91,50.57,7473451
2017-09-12 01:00:00,50.6,51.07,50.52,50.9,4526796
2017-09-13 01:00:00,50.8,51.1054,50.72,51.01,6191443
2017-09-14 01:00:00,50.97,51.59,50.67,51.48,7741321
2017-09-15 01:00:00,51.95,52.29,51.44,52.19,13177887
2017-09-18 01:00:00,52.24,52.37,51.955,52.25,6002685
2017-09-19 01:00:00,52.4,52.5,52.06,52.3,5825213
2017-09-20 01:00:00,52.43,52.52,51.48,51.98,8400332
2017-09-21 01:00:00,51.86,52.2,51.71,52.03,5750606
2017-09-22 01:00:00,51.82,52.23,51.78,52.09,4105088
2017-09-25 01:00:00,51.9,52.285,51.61,51.62,8178372
2017-09-26 01:00:00,51.75,51.87,50.85,51.13,9378772
2017-09-27 01:00:00,51.43,51.61,51.1526,51.55,8200572
2017-09-28 01:00:00,51.38,52.04,51.31,51.75,5732907
2017-09-29 01:00:00,51.91,52.0447,51.62,51.84,5371196
2017-10-02 01:00:00,52.09,52.16,51.7,51.88,4439208
2017-10-03 01:00:00,51.99,52.22,51.65,52.02,4378005
2017-10-04 01:00:00,51.93,52.12,51.67,51.96,4587680
2017-10-05 01:00:00,52.17,52.43,51.96,52.35,5179080
2017-10-06 01:00:00,52.16,52.63,52.16,52.49,4795348
2017-10-09 01:00:00,52.68,52.9799,52.38,52.88,5817480
2017-10-10 01:00:00,52.95,53.9,52.9,53.87,8761742
2017-10-11 01:00:00,53.79,54.38,53.66,54.12,9427307
2017-10-12 01:00:00,53.88,54.175,52.96,53.0,7062303
2017-10-13 01:00:00,53.38,53.38,52.74,52.82,7005613
2017-10-16 01:00:00,52.98,53.0,52.3101,52.38,5930922
2017-10-17 01:00:00,52.32,52.44,51.8501,52.41,7662867
2017-10-18 01:00:00,52.54,52.67,52.02,52.21,6032632
2017-10-19 01:00:00,52.03,52.4,52.01,52.29,6825185
2017-10-20 01:00:00,52.51,52.59,51.94,52.02,8844998
2017-10-23 01:00:00,52.3,53.78,52.13,53.39,9775440
2017-10-24 01:00:00,53.44,54.44,53.4,54.25,11415673
2017-10-25 01:00:00,53.98,54.43,53.475,53.84,7581466
2017-10-26 01:00:00,54.1,54.39,53.665,53.8,5270765
2017-10-27 01:00:00,53.7,54.7,53.36,54.57,8962396
2017-10-30 01:00:00,54.16,54.77,54.08,54.66,7081470
2017-10-31 01:00:00,52.26,52.49,50.02,51.01,29914093
2017-11-01 01:00:00,51.47,53.49,50.51,53.46,15624403
2017-11-02 01:00:00,53.6,55.68,53.6,54.84,17337778
2017-11-03 01:00:00,54.76,64.99,54.21,61.81,80964537
2017-11-06 02:00:00,64.54,65.33,62.15,62.52,58900767
2017-11-07 02:00:00,62.52,64.16,62.45,64.1,23424614
2017-11-08 02:00:00,64.21,65.79,64.21,65.49,26515424
2017-11-09 02:00:00,64.91,65.33,63.93,64.6,15954868
2017-11-10 02:00:00,64.36,65.1,63.92,64.57,9626215
2017-11-13 02:00:00,64.96,66.82,64.75,66.49,24411576
2017-11-14 02:00:00,66.16,66.8,65.55,66.0,14036706
2017-11-15 02:00:00,65.55,66.4838,65.24,65.61,10565358
2017-11-16 02:00:00,65.77,66.54,65.43,66.11,12339789
2017-11-17 02:00:00,66.37,66.95,66.0,66.72,13334026
2017-11-20 02:00:00,66.18,66.85,65.95,66.47,9749407
2017-11-21 02:00:00,65.35,66.93,65.27,66.67,11215825
2017-11-22 02:00:00,66.37,68.26,66.24,68.13,15489438
2017-11-24 02:00:00,68.51,69.28,68.45,68.91,9233511
2017-11-27 02:00:00,68.6,68.92,68.04,68.14,20404556
2017-11-28 02:00:00,67.59,68.41,67.22,68.38,12861265
2017-11-29 02:00:00,68.1,68.2,66.03,66.52,17022156
2017-11-30 02:00:00,66.51,67.1,65.72,66.34,15555625
2017-12-01 02:00:00,65.2,66.12,64.6,65.49,15851119
2017-12-04 02:00:00,65.6,65.7,63.8,64.56,17325125
2017-12-05 02:00:00,64.85,65.03,64.4,64.69,9661166
2017-12-06 02:00:00,64.64,65.68,64.36,64.98,6952250
2017-12-07 02:00:00,65.21,65.55,64.77,65.23,8754971
2017-12-08 02:00:00,65.6,65.6,63.88,64.24,9371913
2017-12-11 02:00:00,64.06,65.2631,64.0,65.18,12184961
2017-12-12 02:00:00,64.88,65.11,64.55,64.86,7021185
2017-12-13 02:00:00,64.98,65.425,64.83,64.9,6490388
2017-12-14 02:00:00,64.86,65.17,64.545,64.7,7122048
2017-12-15 02:00:00,65.33,65.42,64.5,64.76,18832972
2017-12-18 02:00:00,64.93,65.46,64.8,65.38,7440906
2017-12-19 02:00:00,65.11,65.48,64.43,64.5,7130029
2017-12-20 02:00:00,64.56,65.17,64.33,64.6,6933634
2017-12-21 02:00:00,64.75,64.9604,64.34,64.39,5451094
2017-12-22 02:00:00,64.31,64.98,64.3,64.73,4444293
2017-12-26 02:00:00,64.49,64.94,64.2,64.3,4236525
2017-12-27 02:00:00,64.32,64.64,64.18,64.54,4899624
2017-12-28 02:00:00,64.69,64.73,64.35,64.38,2451309
2017-12-29 02:00:00,64.36,64.65,64.0,64.02,6631823
2018-01-02 02:00:00,64.38,65.33,64.17,65.2,6329553
2018-01-03 02:00:00,65.22,66.06,64.69,65.94,6844206
2018-01-04 02:00:00,66.18,66.53,65.91,66.03,5060121
2018-01-05 02:00:00,66.04,66.6,65.5,66.47,5421795
2018-01-08 02:00:00,66.25,66.53,65.94,66.27,4266861
2018-01-09 02:00:00,65.64,65.86,64.94,65.27,7632310
2018-01-10 02:00:00,65.48,65.74,64.88,65.26,6569307
2018-01-11 02:00:00,65.2,65.5,65.14,65.43,4233066
2018-01-12 02:00:00,65.61,65.9,65.08,65.38,5007161
2018-01-16 02:00:00,66.23,68.65,66.03,68.25,24478762
2018-01-17 02:00:00,68.52,68.9,67.24,68.02,12559107
2018-01-18 02:00:00,67.75,68.18,67.49,68.05,6797858
2018-01-19 02:00:00,68.04,68.25,67.75,68.04,8864282
2018-01-22 02:00:00,67.81,68.75,67.705,68.67,8566244
2018-01-23 02:00:00,68.6,68.895,68.24,68.34,7825572
2018-01-24 02:00:00,68.2,68.285,67.38,67.98,12383058
2018-01-25 02:00:00,68.14,68.37,67.29,67.42,9122225
2018-01-26 02:00:00,67.94,68.53,67.6,68.53,7918957
2018-01-29 02:00:00,68.16,68.3,67.24,67.32,9745261
2018-01-30 02:00:00,67.43,67.91,66.73,66.99,8059489
2018-01-31 02:00:00,67.55,68.38,67.46,68.25,13915637
2018-02-01 02:00:00,67.0,68.35,66.32,66.8,16838486
2018-02-02 02:00:00,66.18,67.04,65.86,66.07,10971652
2018-02-05 02:00:00,66.3,66.55,60.5,61.73,35995985
2018-02-06 02:00:00,62.31,64.53,62.2,64.4,24458674
2018-02-07 02:00:00,64.22,66.12,64.02,65.04,15021211
2018-02-08 02:00:00,64.63,65.07,62.4,62.42,13451577
2018-02-09 02:00:00,62.95,64.32,61.46,63.99,23094960
2018-02-12 02:00:00,64.89,65.7,64.39,65.66,13692129
2018-02-13 02:00:00,65.23,65.76,64.98,65.7,7695947
2018-02-14 02:00:00,65.15,66.8,65.1044,66.59,10370934
2018-02-15 02:00:00,66.38,66.38,63.86,65.28,15548429
2018-02-16 02:00:00,64.77,65.83,64.595,64.85,11760282
2018-02-20 02:00:00,63.01,64.14,61.86,63.99,27494591
2018-02-21 02:00:00,63.12,63.86,62.65,63.4,14895594
2018-02-22 02:00:00,63.15,63.58,62.03,62.18,11722256
2018-02-23 02:00:00,62.81,63.32,62.03,63.32,6762248
2018-02-26 02:00:00,64.55,67.3599,64.19,66.98,27374315
2018-02-27 02:00:00,67.0,67.629,66.01,66.34,14325999
2018-02-28 02:00:00,66.7,66.72,64.911,65.0,9582055
2018-03-01 02:00:00,65.03,66.2372,64.33,64.96,10799216
2018-03-02 02:00:00,64.31,64.85,64.03,64.74,10612696
2018-03-05 02:00:00,64.34,65.6,63.54,64.01,15445533
2018-03-06 02:00:00,63.5,63.55,61.06,62.14,23450350
2018-03-07 02:00:00,61.49,62.61,61.425,62.49,12602357
2018-03-08 02:00:00,62.65,62.74,61.5655,61.82,8902097
2018-03-09 02:00:00,62.36,63.06,62.12,63.03,7655312
2018-03-12 01:00:00,63.05,63.48,62.3,62.81,15801317
2018-03-13 01:00:00,59.77,61.4,59.13,59.7,38572747
2018-03-14 01:00:00,59.9,60.38,57.895,60.12,29759066
2018-03-15 01:00:00,60.03,60.28,59.56,59.89,10494322
2018-03-16 01:00:00,60.6,61.49,60.48,60.62,25574509
2018-03-19 01:00:00,60.19,60.35,57.9,58.37,14131356
2018-03-20 01:00:00,58.99,59.0899,57.95,58.26,10615366
2018-03-21 01:00:00,57.5,58.28,56.77,56.81,12231943
2018-03-22 01:00:00,56.24,56.83,55.52,55.58,13554586
2018-03-23 01:00:00,55.63,56.15,53.65,53.66,14713281
2018-03-26 01:00:00,54.58,56.14,54.25,56.13,12093907
2018-03-27 01:00:00,56.59,57.24,54.54,54.84,12243196
2018-03-28 01:00:00,54.81,55.97,54.455,54.7,12925503
2018-03-29 01:00:00,55.04,55.93,54.6217,55.41,8482462
2018-04-02 01:00:00,55.1,55.24,53.07,53.81,16469583
2018-04-03 01:00:00,54.29,55.05,53.62,54.78,7930674
2018-04-04 01:00:00,53.8,55.12,53.421,54.99,7496667
2018-04-05 01:00:00,55.49,55.5,54.44,55.04,5823253
2018-04-06 01:00:00,54.42,54.77,53.11,53.12,8322160
2018-04-09 01:00:00,53.52,54.89,53.34,53.43,7608458
2018-04-10 01:00:00,54.58,55.01,54.215,54.77,12331362
2018-04-11 01:00:00,54.19,55.07,54.15,55.01,6205294
2018-04-12 01:00:00,55.47,55.65,55.02,55.2,7412746
2018-04-13 01:00:00,56.61,56.79,55.4189,55.73,12588216
2018-04-16 01:00:00,55.94,55.99,54.57,54.77,7850467
2018-04-17 01:00:00,54.99,55.6767,54.78,55.35,7089710
2018-04-18 01:00:00,55.14,55.62,54.88,55.23,4796812
2018-04-19 01:00:00,54.0,54.14,52.5,52.57,19179461
2018-04-20 01:00:00,52.81,52.89,51.32,51.44,11838157
2018-04-23 01:00:00,51.5,51.81,50.27,50.53,10961471
2018-04-24 01:00:00,50.88,51.29,49.38,49.94,11670049
2018-04-25 01:00:00,50.0,50.44,48.87,49.75,9619236
2018-04-26 01:00:00,49.52,50.59,48.56,50.47,13683975
2018-04-27 01:00:00,50.75,51.36,50.49,51.11,9443094
2018-04-30 01:00:00,51.25,51.82,51.0,51.01,9469642
2018-05-01 01:00:00,50.76,51.05,50.04,50.82,6780517
2018-05-02 01:00:00,51.24,51.25,49.92,50.26,8142996
2018-05-03 01:00:00,49.99,50.544,49.31,50.31,8609168
2018-05-04 01:00:00,50.18,52.6,49.9194,52.49,9880580
2018-05-07 01:00:00,52.58,53.27,52.52,53.01,9571714
2018-05-08 01:00:00,53.04,53.27,52.105,52.86,9929970
2018-05-09 01:00:00,52.86,53.325,52.2,53.17,7016103
2018-05-10 01:00:00,54.45,55.07,53.945,54.97,12267198
2018-05-11 01:00:00,54.76,55.79,54.619,55.23,9639137
2018-05-14 01:00:00,57.33,57.8,56.34,56.74,15400256
2018-05-15 01:00:00,56.5,56.61,55.2204,55.64,12050469
2018-05-16 01:00:00,55.76,56.81,55.67,56.7,8675559
2018-05-17 01:00:00,56.49,57.3801,56.39,56.95,11450651
2018-05-18 01:00:00,56.93,57.99,56.396,57.51,11999712
2018-05-21 01:00:00,57.68,58.27,56.765,57.71,14286354
2018-05-22 01:00:00,57.91,58.36,57.07,57.39,9432465
2018-05-23 01:00:00,56.91,58.86,56.83,58.82,11322475
2018-05-24 01:00:00,58.58,59.25,58.05,59.08,12487193
2018-05-25 01:00:00,58.85,60.0,58.81,59.96,11501515
2018-05-29 01:00:00,59.5,59.5999,57.7,58.23,14696263
2018-05-30 01:00:00,58.41,58.65,57.66,58.39,9145989
2018-05-31 01:00:00,58.0,58.57,57.7601,58.12,12813170
2018-06-01 01:00:00,58.34,58.73,58.01,58.61,8869656
2018-06-04 01:00:00,58.62,58.87,57.95,58.71,9696722
2018-06-05 01:00:00,58.86,59.6002,58.76,58.98,6562650
2018-06-06 01:00:00,59.26,59.85,59.11,59.84,6236683
2018-06-07 01:00:00,62.0,62.65,60.22,60.64,14786130
2018-06-08 01:00:00,60.25,60.62,59.805,60.26,7035297
2018-06-11 01:00:00,60.17,60.415,59.82,59.93,7369462
2018-06-12 01:00:00,60.11,60.38,59.545,59.79,7153498
2018-06-13 01:00:00,59.67,60.23,59.12,59.22,9676268
2018-06-14 01:00:00,59.29,59.7,58.95,59.46,8372926
2018-06-15 01:00:00,59.87,59.95,58.92,59.86,13804932
2018-06-18 01:00:00,59.31,59.37,58.92,59.2,6946581
2018-06-19 01:00:00,58.28,58.735,57.85,58.7,7958317
2018-06-20 01:00:00,59.18,59.2,58.31,58.79,6526391
2018-06-21 01:00:00,59.21,59.21,58.39,58.75,6605359
2018-06-22 01:00:00,58.78,59.1,58.43,58.5,8074080
2018-06-25 01:00:00,58.09,58.14,56.61,57.05,8635917
2018-06-26 01:00:00,57.08,57.1455,56.31,56.45,8934723
2018-06-27 01:00:00,56.55,57.53,55.14,55.17,11832362
2018-06-28 01:00:00,55.12,56.46,55.09,55.9,11723595
2018-06-29 01:00:00,56.13,56.86,56.08,56.12,11274134
2018-07-02 01:00:00,55.4,56.22,55.12,56.18,7300077
2018-07-03 01:00:00,56.41,56.5298,55.25,55.33,3618923
2018-07-05 01:00:00,55.7,57.43,55.65,57.38,11728277
2018-07-06 01:00:00,57.46,58.07,57.03,57.84,8806155
2018-07-09 01:00:00,58.06,58.305,57.23,58.04,4577124
2018-07-10 01:00:00,58.06,58.47,57.95,58.37,6848928
2018-07-11 01:00:00,57.43,58.01,56.735,57.3,8702001
2018-07-12 01:00:00,57.85,58.49,57.31,58.32,8426804
2018-07-13 01:00:00,58.25,58.78,58.18,58.39,5266139
2018-07-16 01:00:00,58.42,58.84,58.06,58.35,5907106
2018-07-17 01:00:00,57.92,58.91,57.62,58.91,7560338
2018-07-18 01:00:00,59.0,59.0,58.37,58.76,6795436
2018-07-19 01:00:00,58.71,59.59,58.65,59.31,8150181
2018-07-20 01:00:00,58.98,59.18,58.4002,58.61,10861386
2018-07-23 01:00:00,58.4,59.21,57.815,59.08,8011821
2018-07-24 01:00:00,59.35,59.62,58.45,58.85,6637632
2018-07-25 01:00:00,58.55,59.5,57.76,59.42,13217035
2018-07-26 01:00:00,63.05,63.76,61.26,63.58,31025129
2018-07-27 01:00:00,63.22,63.51,62.22,62.69,13488834
2018-07-30 01:00:00,62.65,62.98,61.925,62.04,9547734
2018-07-31 01:00:00,63.83,64.655,63.5,64.09,22350776
2018-08-01 01:00:00,63.55,64.87,63.55,64.35,10706292
2018-08-02 01:00:00,63.96,65.04,63.64,64.77,10618467
2018-08-03 01:00:00,64.74,65.61,64.67,65.4,7809580
2018-08-06 01:00:00,65.86,66.02,65.33,65.73,10878769
2018-08-07 01:00:00,65.93,65.93,65.25,65.44,7810864
2018-08-08 01:00:00,65.21,65.55,65.12,65.16,7913105
2018-08-09 01:00:00,65.1,65.3,64.92,65.08,6630138
2018-08-10 01:00:00,64.65,64.935,64.4944,64.82,8735975
2018-08-13 01:00:00,65.15,65.23,64.65,64.84,7092425
2018-08-14 01:00:00,65.09,65.62,64.7749,65.43,7844231
2018-08-15 01:00:00,65.14,65.82,64.545,65.68,13524846
2018-08-16 01:00:00,65.86,66.1,65.5315,65.76,9958786
2018-08-17 01:00:00,65.5,66.19,65.12,66.06,15170471
2018-08-20 01:00:00,66.33,66.59,65.735,66.16,13966895
2018-08-21 01:00:00,66.09,66.775,66.03,66.55,12181407
2018-08-22 01:00:00,66.22,67.08,66.21,66.84,13860667
2018-08-23 01:00:00,66.98,67.29,66.8,66.86,12038477
2018-08-24 01:00:00,67.0,67.36,66.94,67.15,16001392
2018-08-27 01:00:00,67.37,67.48,67.215,67.34,12577994
2018-08-28 01:00:00,68.56,70.4868,67.9203,69.78,24952742
2018-08-29 01:00:00,69.67,70.07,69.14,69.2,11874258
2018-08-30 01:00:00,68.97,69.16,68.0,68.14,12027463
2018-08-31 01:00:00,67.99,69.0,67.94,68.71,11167222
2018-09-04 01:00:00,68.74,70.11,68.71,69.98,13024113
2018-09-05 01:00:00,69.8,71.065,69.31,70.89,15310654
2018-09-06 01:00:00,70.85,71.35,70.19,70.36,11997695
2018-09-07 01:00:00,69.84,70.62,69.615,70.38,24421922
2018-09-10 01:00:00,70.67,72.75,70.5,72.32,14636046
2018-09-11 01:00:00,71.84,72.66,71.81,72.51,9501109
2018-09-12 01:00:00,72.09,72.5,70.02,71.75,12638253
2018-09-13 01:00:00,73.68,75.36,73.48,74.61,24617718
2018-09-14 01:00:00,74.53,76.04,74.41,75.09,13450660
2018-09-17 01:00:00,74.84,75.28,73.11,73.24,11558262
2018-09-18 01:00:00,73.8,76.5,73.51,74.72,11692006
2018-09-19 01:00:00,75.37,75.37,73.77,74.06,12383155
2018-09-20 01:00:00,74.48,75.11,74.2081,74.6,12013867
2018-09-21 01:00:00,74.83,74.87,73.13,73.7,23465801
2018-09-24 01:00:00,73.08,73.85,72.8,73.58,15446159
2018-09-25 01:00:00,72.64,73.57,72.58,72.74,20741990
2018-09-26 01:00:00,72.68,73.26,71.58,71.76,11305976
2018-09-27 01:00:00,72.18,72.68,71.475,71.71,12498284
2018-09-28 01:00:00,71.51,73.26,71.25,72.03,20080887
2018-10-01 01:00:00,72.46,73.43,72.1,72.6,9340494
2018-10-02 01:00:00,72.4,73.91,72.2719,73.35,9221188
2018-10-03 01:00:00,73.59,73.885,72.59,72.64,7079843
2018-10-04 01:00:00,72.0,72.7,71.8569,72.38,8599520
2018-10-05 01:00:00,72.39,72.66,70.55,71.21,23411309
2018-10-08 01:00:00,70.78,71.6,70.56,70.93,10104637
2018-10-09 01:00:00,70.76,70.96,70.09,70.13,10329200
2018-10-10 01:00:00,68.77,69.56,66.62,66.73,22296820
2018-10-11 01:00:00,66.35,66.99,63.61,64.29,25852567
2018-10-12 01:00:00,65.55,65.65,63.27,64.29,15760920
2018-10-15 01:00:00,64.23,65.2,64.01,64.17,12315113
2018-10-16 01:00:00,64.78,66.39,64.62,66.12,15931414
2018-10-17 01:00:00,66.38,66.61,65.29,66.1,14779126
2018-10-18 01:00:00,65.68,66.32,64.87,65.15,12218743
2018-10-19 01:00:00,65.45,66.21,65.0,65.36,10673025
2018-10-22 01:00:00,65.69,66.6,65.225,66.12,12890414
2018-10-23 01:00:00,63.66,66.92,63.57,66.38,13441036
2018-10-24 01:00:00,65.87,66.39,62.5,62.62,23384304
2018-10-25 01:00:00,63.81,63.83,62.35,63.2,20385717
2018-10-26 01:00:00,61.5,63.64,61.18,62.48,17049442
2018-10-29 01:00:00,63.5,63.69,61.27,62.17,14778286
2018-10-30 01:00:00,62.36,63.72,62.17,63.18,18865333
2018-10-31 01:00:00,62.91,63.52,62.0681,62.89,12917453
2018-11-01 01:00:00,63.2,64.31,62.88,63.71,11003853
2018-11-02 01:00:00,63.94,63.955,62.3401,63.33,13707876
2018-11-05 02:00:00,63.08,63.8021,62.66,63.47,13373798
2018-11-06 02:00:00,63.35,64.34,62.41,63.63,8774149
2018-11-07 02:00:00,63.5,63.75,62.28,63.21,18493450
2018-11-08 02:00:00,58.0,60.15,57.6,58.05,32155154
2018-11-09 02:00:00,57.78,58.2356,56.19,56.72,21745221
2018-11-12 02:00:00,56.37,56.5,54.43,54.49,24447787
2018-11-13 02:00:00,54.74,55.49,54.05,54.16,20883770
2018-11-14 02:00:00,54.84,54.89,53.67,53.94,14071939
2018-11-15 02:00:00,53.83,55.54,53.53,55.39,18856314
2018-11-16 02:00:00,55.12,57.04,54.99,55.88,57303280
2018-11-19 02:00:00,55.85,56.62,54.87,54.9,20321370
2018-11-20 02:00:00,54.2,55.4299,54.07,54.92,20658304
2018-11-21 02:00:00,55.21,56.5,55.18,55.27,13015508
2018-11-23 02:00:00,54.77,55.745,54.75,55.25,4671883
2018-11-26 02:00:00,55.79,56.38,55.175,55.73,10373671
2018-11-27 02:00:00,55.59,56.225,55.35,55.57,9719306
2018-11-28 02:00:00,55.89,56.72,54.691,56.65,17483506
2018-11-29 02:00:00,57.89,59.05,57.77,58.11,26948983
2018-11-30 02:00:00,58.22,58.47,57.02,58.26,18197779
2018-12-03 02:00:00,60.51,60.51,58.4,59.14,17114477
2018-12-04 02:00:00,58.99,59.48,57.22,57.73,15836503
2018-12-06 02:00:00,56.01,57.21,55.6941,57.11,18203348
2018-12-07 02:00:00,56.61,57.12,55.73,55.99,17054650
2018-12-10 02:00:00,57.77,58.25,56.64,57.24,20484897
2018-12-11 02:00:00,58.45,58.66,56.8313,57.35,13116286
2018-12-12 02:00:00,58.44,58.58,57.53,57.72,13246546
2018-12-13 02:00:00,58.14,58.38,57.56,58.09,8949912
2018-12-14 02:00:00,57.56,59.0,57.36,57.62,13551412
2018-12-17 02:00:00,57.59,58.34,56.67,57.0,16648217
2018-12-18 02:00:00,57.69,58.54,57.4,57.78,12384197
2018-12-19 02:00:00,57.54,58.5,56.06,56.69,17376507
2018-12-20 02:00:00,57.22,57.94,56.06,56.37,21742329
2018-12-21 02:00:00,56.26,57.28,54.69,54.85,38202294
2018-12-24 02:00:00,53.7,54.89,53.57,53.65,8274961
2018-12-26 02:00:00,54.25,56.0,53.512,55.96,18451560
2018-12-27 02:00:00,55.54,56.39,54.77,56.09,15804838
2018-12-28 02:00:00,56.33,57.53,56.24,56.81,12749599
2018-12-31 02:00:00,57.12,57.41,56.2818,56.91,8877184
