,Balance,pChange,Type
2014-02-13 00:00:00,100000.0,1.0,
2014-03-25 02:00:00,100483.12,0.004831389390464125,BUY
2014-03-26 02:00:00,99838.2,-0.006418306125296591,BUY
2014-03-27 02:00:00,98374.62,-0.014669163545568131,BUY
2014-03-28 02:00:00,97619.84999999999,-0.007672634271099765,BUY
2014-03-31 02:00:00,98507.16999999998,0.009090909090909038,BUY
2014-04-01 02:00:00,101754.30999999998,0.03296703296703307,BUY
2014-04-02 02:00:00,106886.47666666671,0.05044570604630727,BUY
2014-04-03 02:00:00,107133.29666666672,0.0023098498597591277,BUY
2014-04-04 02:00:00,105192.67166666672,-0.018115942028985477,BUY
2014-04-07 02:00:00,105863.8916666667,0.006382361473745268,BUY
2014-04-08 02:00:00,105309.05166666671,-0.005243713502562253,BUY
2014-04-09 02:00:00,103220.0016666667,-0.01983988861816921,BUY
2014-04-10 02:00:00,101905.1216666667,-0.01273885350318471,BUY
2014-04-11 02:00:00,98765.8350000001,-0.03081942705891405,BUY
2014-04-14 02:00:00,97671.91000000009,-0.011075949367088667,BUY
2014-04-15 02:00:00,98592.6500000001,0.0094292803970224,BUY
2014-04-16 02:00:00,99249.7700000001,0.006666666666666821,BUY
2014-04-17 02:00:00,101418.1700000001,0.02184873949579824,BUY
2014-04-21 02:00:00,101475.8300000001,0.0005688282138793799,BUY
2014-04-22 02:00:00,104222.8300000001,0.027101367203300697,BUY
2014-04-23 02:00:00,92278.78358133337,-0.11460234142489722,BUY
2014-04-24 02:00:00,91634.69358133337,-0.006979915989731134,BUY
2014-04-25 02:00:00,91903.77358133337,0.002937473772555599,BUY
2014-04-28 02:00:00,91511.23358133336,-0.004271222637480032,BUY
2014-04-29 02:00:00,92384.38358133334,0.009541984732824416,BUY
2014-04-30 02:00:00,93161.98358133333,0.008421052631578885,BUY
2014-05-01 02:00:00,95714.62358133333,0.027405081358835348,BUY
2014-05-02 02:00:00,97707.82358133334,0.020830459373706756,BUY
2014-05-05 02:00:00,97864.42358133334,0.001603077909586359,BUY
2014-05-06 02:00:00,96777.78358133334,-0.01110748121528915,BUY
2014-05-07 02:00:00,96274.90358133333,-0.00519649236765185,BUY
2014-05-08 02:00:00,95465.62358133333,-0.008407409029207003,BUY
2014-05-09 02:00:00,95158.27358133334,-0.00321957501609782,BUY
2014-05-12 02:00:00,96093.97358133334,0.009836065573770592,BUY
2014-05-13 02:00:00,96718.19358133335,0.006497175141243039,BUY
2014-05-14 02:00:00,95964.35358133336,-0.0077955825032481885,BUY
2014-05-15 02:00:00,95016.53691466665,-0.009877384196185779,BUY
2014-05-16 02:00:00,92481.68331466665,-0.02669087340529941,BUY
2014-05-19 02:00:00,94409.54331466665,0.020852221214868516,BUY
2014-05-20 02:00:00,94298.54331466665,-0.0011760094080752737,BUY
2014-05-21 02:00:00,95745.54331466665,0.015346838551258513,BUY
2014-05-22 02:00:00,96126.03331466664,0.003976382696710523,BUY
2014-05-23 02:00:00,96630.27331466664,0.0052459016393442415,BUY
2014-05-27 02:00:00,110426.36331466663,0.14278606965174112,BUY
2014-05-28 02:00:00,119127.03331466664,0.07879843273835441,BUY
2014-05-29 02:00:00,119004.53331466664,-0.0010283833813244936,BUY
2014-05-30 02:00:00,120847.87331466663,0.015491100856954487,BUY
2014-06-02 02:00:00,120873.59331466664,0.00021285653469571564,BUY
2014-06-03 02:00:00,121936.47331466663,0.008793969849246075,BUY
2014-06-04 02:00:00,121766.73331466662,-0.0013921113689095987,BUY
2014-06-05 02:00:00,122060.94331466663,0.0024162927166033743,BUY
2014-06-06 02:00:00,124360.64331466664,0.01885218036282721,BUY
2014-06-09 02:00:00,125475.16331466666,0.008967427139654482,BUY
2014-06-10 02:00:00,126324.74331466667,0.0067717233086515005,BUY
2014-06-11 02:00:00,125538.32331466669,-0.00622596594030389,BUY
2014-06-12 02:00:00,123150.8433146667,-0.01902097902097899,BUY
2014-06-13 02:00:00,154790.82125766668,0.25697963284206016,BUY
2014-06-16 02:00:00,153620.64125766666,-0.007560907308877152,BUY
2014-06-17 02:00:00,150806.40125766667,-0.018325387365911827,BUY
2014-06-18 02:00:00,152379.9812576667,0.010435225248154767,BUY
2014-06-19 02:00:00,151827.18125766667,-0.0036277888626882193,BUY
2014-06-20 02:00:00,153130.38125766668,0.008585226256483613,BUY
2014-06-23 02:00:00,152947.9412576667,-0.0011915400655346797,BUY
2014-06-24 02:00:00,151374.9412576667,-0.010288065843621408,BUY
2014-06-25 02:00:00,151623.26125766672,0.001640689089417613,BUY
2014-06-26 02:00:00,153566.76125766672,0.012824802051968343,BUY
2014-06-27 02:00:00,153040.29125766674,-0.0034284862487886647,BUY
2014-06-30 02:00:00,153197.19125766674,0.001025430680886119,BUY
2014-07-01 02:00:00,154424.19625766674,0.008010432190760142,BUY
2014-07-02 02:00:00,149623.44625766677,-0.031092436974789917,BUY
2014-07-03 02:00:00,146011.16625766677,-0.02414669571532313,BUY
2014-07-07 02:00:00,146699.88625766675,0.004716981132075304,BUY
2014-07-08 02:00:00,145755.27325766673,-0.0064396465488497645,BUY
2014-07-09 02:00:00,146422.27325766673,0.004578936890304641,BUY
2014-07-10 02:00:00,144485.87325766674,-0.013234821715387146,BUY
2014-07-11 02:00:00,144771.33529666674,0.001975740897544487,BUY
2014-07-14 02:00:00,145298.85529666676,0.0036439354502864063,BUY
2014-07-15 02:00:00,146077.95529666677,0.005362614913176689,BUY
2014-07-16 02:00:00,148241.1652966668,0.01480959097320178,BUY
2014-07-17 02:00:00,144177.0652966668,-0.02741702741702734,BUY
2014-07-18 02:00:00,143555.30319666682,-0.004312590448625198,BUY
2014-07-21 02:00:00,144411.62569666683,0.005965292841648484,BUY
2014-07-22 02:00:00,143949.34569666686,-0.0032014635261832236,BUY
2014-07-23 02:00:00,146093.58569666685,0.014899277841124992,BUY
2014-07-24 02:00:00,149795.98569666684,0.02534497269794067,BUY
2014-07-25 02:00:00,147976.30569666685,-0.012148823082763771,BUY
2014-07-28 02:00:00,146334.70569666688,-0.011110768186166964,BUY
2014-07-29 02:00:00,144835.5856966669,-0.01024702653247933,BUY
2014-07-30 02:00:00,145826.18569666691,0.006842105263157983,BUY
2014-07-31 02:00:00,142078.9912966669,-0.025699215580200163,BUY
2014-08-01 02:00:00,140382.49129666688,-0.01194267515923575,BUY
2014-08-04 02:00:00,141162.45129666687,0.005556389848325516,BUY
2014-08-05 02:00:00,139632.79129666687,-0.010838380618425236,BUY
2014-08-06 02:00:00,139739.14129666687,0.0007617306520413258,BUY
2014-08-07 02:00:00,142010.43129666685,0.016258300893061683,BUY
2014-08-08 02:00:00,143352.51129666687,0.009454867779583376,BUY
2014-08-11 02:00:00,142598.03629666686,-0.0052631578947369695,BUY
2014-08-12 02:00:00,143447.41129666686,0.005957108816521117,BUY
2014-08-13 02:00:00,144502.15129666685,0.007352941176470562,BUY
2014-08-14 02:00:00,146259.36629666685,0.012161541991739355,BUY
2014-08-15 02:00:00,145603.76629666684,-0.004482477587611999,BUY
2014-08-18 02:00:00,148430.30629666682,0.01941747572815533,BUY
2014-08-19 02:00:00,186073.6064546668,0.2536483701291783,BUY
2014-08-20 02:00:00,185065.3184546668,-0.005418830435764299,BUY
2014-08-21 02:00:00,182089.34845466682,-0.016083916083916017,BUY
2014-08-22 02:00:00,181368.6284546668,-0.003965035595206112,BUY
2014-08-25 02:00:00,179914.7284546668,-0.008017231063778718,BUY
2014-08-26 02:00:00,179627.8084546668,-0.0015948963317382603,BUY
2014-08-27 02:00:00,181141.5184546668,0.008426966292134797,BUY
2014-08-28 02:00:00,180570.91845466683,-0.0031523642732048662,BUY
2014-08-29 02:00:00,183327.5584546668,0.01526717557251911,BUY
2014-09-02 02:00:00,181048.30845466684,-0.012434374136501725,BUY
2014-09-03 02:00:00,182729.96345466684,0.009289218244442177,BUY
2014-09-04 02:00:00,181215.62845466685,-0.008287851222963383,BUY
2014-09-05 02:00:00,182967.53845466685,0.009667927700714563,BUY
2014-09-08 02:00:00,181652.06845466685,-0.007190265486725633,BUY
2014-09-09 02:00:00,179904.38845466686,-0.009621692543188232,BUY
2014-09-10 02:00:00,180550.19845466685,0.0035971842136968135,BUY
2014-09-11 02:00:00,176140.07845466686,-0.024434002563007207,BUY
2014-09-12 02:00:00,177126.95845466683,0.005604693931167359,BUY
2014-09-15 02:00:00,173551.25845466682,-0.020194986072423426,BUY
2014-09-16 02:00:00,173525.3084546668,-0.00014954389113208677,BUY
2014-09-17 02:00:00,176216.9584546668,0.015513126491646823,BUY
2014-09-18 02:00:00,179181.21845466678,0.016825965750696836,BUY
2014-09-19 02:00:00,179545.86845466675,0.0020359059781602795,BUY
2014-09-22 02:00:00,181206.66845466674,0.009253012048192621,BUY
2014-09-23 02:00:00,177578.20571066672,-0.02002595821634512,BUY
2014-09-24 02:00:00,176204.8557106667,-0.007738057172091861,BUY
2014-09-25 02:00:00,173606.9357106667,-0.014745498369488241,BUY
2014-09-26 02:00:00,176201.0657106667,0.014948553678897358,BUY
2014-09-29 02:00:00,178344.5457106667,0.012166172106824913,BUY
2014-09-30 02:00:00,178239.98571066672,-0.0005863383172088898,BUY
2014-10-01 02:00:00,173341.48571066672,-0.02748264626717667,BUY
2014-10-02 02:00:00,173904.88571066674,0.0032514450867051625,BUY
2014-10-03 02:00:00,176526.04971066676,0.015074377535597927,BUY
2014-10-06 02:00:00,174222.81971066678,-0.013049192639879803,BUY
2014-10-07 02:00:00,171641.2997106668,-0.014818413700959487,BUY
2014-10-08 02:00:00,176150.5697106668,0.02627311060655213,BUY
2014-10-09 02:00:00,170818.59028866678,-0.030269688075090118,BUY
2014-10-10 02:00:00,170328.27278866677,-0.002870718669570338,BUY
2014-10-13 02:00:00,169050.98278866676,-0.007501320655044941,BUY
2014-10-14 02:00:00,173903.70945533336,0.028706624605677744,BUY
2014-10-15 02:00:00,180243.21145533334,0.036454693687397954,BUY
2014-10-16 02:00:00,182184.87145533334,0.01077343624376903,BUY
2014-10-17 02:00:00,185307.5514553333,0.017140631086871805,BUY
2014-10-20 02:00:00,189272.8039553333,0.02139858707893927,BUY
2014-10-21 02:00:00,195252.0239553333,0.03160059835452511,BUY
2014-10-22 02:00:00,192347.6189553333,-0.014877448357058731,BUY
2014-10-23 02:00:00,193596.1189553333,0.006491590439657635,BUY
2014-10-24 02:00:00,198230.31895533332,0.023943661971830954,BUY
2014-10-27 02:00:00,203449.2789553333,0.026331360946745486,BUY
2014-10-28 02:00:00,208929.42895533334,0.02693742229589735,BUY
2014-10-29 02:00:00,211175.43895533332,0.010751320058527858,BUY
2014-10-30 02:00:00,212138.5889553333,0.004561581394440628,BUY
2014-10-31 02:00:00,221656.9889553333,0.044873792458709705,BUY
2014-11-03 03:00:00,222501.35841133332,0.00380954191227012,BUY
2014-11-04 03:00:00,223758.83841133333,0.0056519983851432976,BUY
2014-11-05 03:00:00,223665.28841133334,-0.0004182350480970154,BUY
2014-11-06 03:00:00,227819.08841133336,0.01857335127860038,BUY
2014-11-07 03:00:00,233037.58841133336,0.022907900888265553,BUY
2014-11-10 03:00:00,244795.33841133336,0.050461417632043926,BUY
2014-11-11 03:00:00,246820.28441133336,0.00827245380317998,BUY
2014-11-12 03:00:00,250307.39691133334,0.014129443938012631,BUY
2014-11-13 03:00:00,253862.27691133335,0.014203375874845658,BUY
2014-11-14 03:00:00,253708.76691133334,-0.0006047167909696283,BUY
2014-11-17 03:00:00,252545.36691133332,-0.004586104104563282,BUY
2014-11-18 03:00:00,250653.64691133332,-0.0074906367041198685,BUY
2014-11-19 03:00:00,254015.09691133333,0.013412642873804614,BUY
2014-11-20 03:00:00,255119.31691133336,0.004347826086956497,BUY
2014-11-21 03:00:00,255844.41691133336,0.002842254855518922,BUY
2014-11-24 03:00:00,257925.77191133334,0.00813588352840422,BUY
2014-11-25 03:00:00,256926.97191133333,-0.0038732394366196576,BUY
2014-11-26 03:00:00,266186.0819113333,0.03604118993135019,BUY
2014-11-28 03:00:00,274507.1469113334,0.0312616024355834,BUY
2014-12-01 03:00:00,263749.733578,-0.039188818854481,BUY
2014-12-02 03:00:00,287037.493578,0.08830223031406459,BUY
2014-12-03 03:00:00,285904.753578,-0.0039471893289777515,BUY
2014-12-04 03:00:00,284247.763578,-0.005797396257119503,BUY
2014-12-05 03:00:00,282309.248578,-0.006819880418535207,BUY
2014-12-08 03:00:00,280691.44857799995,-0.005730659025787954,BUY
2014-12-09 03:00:00,281362.2985779999,0.0023900573613764298,BUY
2014-12-10 03:00:00,275811.4585779999,-0.019729206963249535,BUY
2014-12-11 03:00:00,275377.1785779999,-0.0015748031496063408,BUY
2014-12-12 03:00:00,270789.02357799985,-0.016662276080084304,BUY
2014-12-15 03:00:00,270531.4184259999,-0.000951403282738128,BUY
2014-12-16 03:00:00,270938.7184259998,0.001505570611261664,BUY
2014-12-17 03:00:00,276168.95842599985,0.019311168624328134,BUY
2014-12-18 03:00:00,289109.29042599985,0.046859013709842356,BUY
2014-12-19 03:00:00,291012.94042599987,0.0065851364063969076,BUY
2014-12-22 03:00:00,295600.99042599986,0.015766738660907276,BUY
2014-12-23 03:00:00,284626.54042599985,-0.037136706135629693,BUY
2014-12-24 03:00:00,284100.78042599984,-0.0018477677773142132,BUY
2014-12-26 03:00:00,288300.36042599985,0.01478410513141415,BUY
2014-12-29 03:00:00,288098.0404259999,-0.0007018159487673925,BUY
2014-12-30 03:00:00,287044.0004259999,-0.003658879819870564,BUY
2014-12-31 03:00:00,281550.5253859999,-0.019138362166787548,BUY
2015-01-02 03:00:00,283659.50538599986,0.0074906367041198685,BUY
2015-01-05 03:00:00,278422.9803859999,-0.018463302752293576,BUY
2015-01-06 03:00:00,273028.4553859999,-0.01937542739913367,BUY
2015-01-07 03:00:00,274919.4553859999,0.006927095162389207,BUY
2015-01-08 03:00:00,281811.5953859999,0.02507204610950997,BUY
2015-01-09 03:00:00,281198.87538599985,-0.0021744382701136544,BUY
2015-01-12 03:00:00,281198.87538599985,0.0,BUY
2015-01-13 03:00:00,283310.11538599984,0.007509186771049725,BUY
2015-01-14 03:00:00,291391.3153859998,0.028525641025640924,BUY
2015-01-15 03:00:00,293248.1153859998,0.006373486297004405,BUY
2015-01-16 03:00:00,299254.3553859998,0.020486555697823317,BUY
2015-01-20 03:00:00,296299.1153859998,-0.00987654320987652,BUY
2015-01-21 03:00:00,304487.63538599975,0.027637344118638163,BUY
2015-01-22 03:00:00,318739.9389869998,0.0468139199092108,BUY
2015-01-23 03:00:00,320739.85898699984,0.0062766556691076225,BUY
2015-01-26 03:00:00,320376.30898699985,-0.001133529811834011,BUY
2015-01-27 03:00:00,318028.92898699985,-0.007327174259318281,BUY
2015-01-28 03:00:00,326186.42898699985,0.025651144435674844,BUY
2015-01-29 03:00:00,330486.98898699984,0.013184398461820068,BUY
2015-01-30 03:00:00,325863.98898699984,-0.013989927252378243,BUY
2015-02-02 03:00:00,334998.84898699995,0.02803711956675059,BUY
2015-02-03 03:00:00,341922.4489869999,0.02067014795474309,BUY
2015-02-04 03:00:00,339712.54898699996,-0.006463527239150557,BUY
2015-02-05 03:00:00,338274.64398699993,-0.004232895646164581,BUY
2015-02-06 03:00:00,330777.14398699993,-0.022167050895548823,BUY
2015-02-09 03:00:00,335850.39398699993,0.015346113891774538,BUY
2015-02-10 03:00:00,346849.8439869999,0.032752020416843886,BUY
2015-02-11 03:00:00,331779.76398699987,-0.043451463790446954,BUY
2015-02-12 03:00:00,335559.1439869999,0.011392053348152187,BUY
2015-02-13 03:00:00,337031.02598699986,0.004386829652996749,BUY
2015-02-17 03:00:00,342310.84598699986,0.015665796344647598,BUY
2015-02-18 03:00:00,340434.1859869999,-0.005487041525717218,BUY
2015-02-19 03:00:00,349768.0359869999,0.02741935483870983,BUY
2015-02-20 03:00:00,349397.8359869999,-0.001058481079650675,BUY
2015-02-23 03:00:00,344735.5559869999,-0.01334445371142623,BUY
2015-02-24 03:00:00,354385.0859869999,0.027995347033734186,BUY
2015-02-25 03:00:00,353946.8759869999,-0.0012366034624897715,BUY
2015-02-26 03:00:00,354526.11598699994,0.0016366612111293755,BUY
2015-02-27 03:00:00,354417.87598699995,-0.0003053202045645298,BUY
2015-03-02 03:00:00,358790.2259869999,0.012338284619070494,BUY
2015-03-03 03:00:00,352617.7259869999,-0.017204597068336658,BUY
2015-03-04 03:00:00,349852.4459869999,-0.007842588054057908,BUY
2015-03-05 03:00:00,353766.58598699985,0.011189044756178879,BUY
2015-03-06 03:00:00,354030.46598699986,0.0007459593866554481,BUY
2015-03-09 02:00:00,356040.6659869999,0.005678591709256109,BUY
2015-03-10 02:00:00,343358.2659869999,-0.035622317596566644,BUY
2015-03-11 02:00:00,339614.9059869999,-0.010902896081771751,BUY
2015-03-12 02:00:00,348489.3859869999,0.026132183178992907,BUY
2015-03-13 02:00:00,351778.33198699984,0.009437941579668818,BUY
2015-03-16 02:00:00,354040.5719869998,0.00643086816720273,BUY
2015-03-17 02:00:00,351146.0169529998,-0.00817595083885625,BUY
2015-03-18 02:00:00,360577.3269529998,0.02685988554550489,BUY
2015-03-19 02:00:00,361749.5769529998,0.003251398101183467,BUY
2015-03-20 02:00:00,365968.5969529999,0.011663066954643808,BUY
2015-03-23 02:00:00,351417.0669529999,-0.03977099236641213,BUY
2015-03-24 02:00:00,352315.82695299987,0.002557544757033181,BUY
2015-03-25 02:00:00,329322.0869529999,-0.06527944711538458,BUY
2015-03-26 02:00:00,331315.22695299995,0.0060524546065905405,BUY
2015-03-27 02:00:00,334649.776953,0.010066319279962155,BUY
2015-03-30 02:00:00,344724.792953,0.030108108108108045,BUY
2015-03-31 02:00:00,340437.602953,-0.012436974789916011,BUY
2015-04-01 02:00:00,339015.312953,-0.004178131050647016,BUY
2015-04-02 02:00:00,340503.31295299996,0.0043905383897699934,BUY
2015-04-06 02:00:00,349485.7179529999,0.0263797942001871,BUY
2015-04-07 02:00:00,347837.0579529999,-0.004718290313627582,BUY
2015-04-08 02:00:00,350316.9179529999,0.007129572225666347,BUY
2015-04-09 02:00:00,356006.1779529999,0.016240601503759278,BUY
2015-04-10 02:00:00,355513.2979529999,-0.0013845621322257085,BUY
2015-04-13 02:00:00,352106.3779529999,-0.009584664536741117,BUY
2015-04-14 02:00:00,354248.08295299986,0.006083604385013874,BUY
2015-04-15 02:00:00,358228.3929529999,0.011235955056179803,BUY
2015-04-16 02:00:00,354427.8729529999,-0.010609527771999083,BUY
2015-04-17 02:00:00,344292.83295299986,-0.02859696157283287,BUY
2015-04-20 02:00:00,349646.33295299986,0.015550351288056152,BUY
2015-04-21 02:00:00,349517.53295299987,-0.00036840893391665297,BUY
2015-04-22 02:00:00,351852.33295299986,0.0066803699897224345,BUY
2015-04-23 02:00:00,354723.7729529998,0.008162508116130285,BUY
2015-04-24 02:00:00,356338.8929529998,0.004555210021462086,BUY
2015-04-27 02:00:00,351106.8929529998,-0.014693327342170326,BUY
2015-04-28 02:00:00,349234.0640049998,-0.0053349279536545335,BUY
2015-04-29 02:00:00,347873.2540049998,-0.0038965639390718954,BUY
2015-04-30 02:00:00,344907.2140049998,-0.00852713178294584,BUY
2015-05-01 02:00:00,346502.6540049998,0.004625735912531459,BUY
2015-05-04 02:00:00,348607.13400499977,0.006073752711496683,BUY
2015-05-05 02:00:00,340696.07400499977,-0.0226946279804654,BUY
2015-05-06 02:00:00,337678.6237809998,-0.008858629668214268,BUY
2015-05-07 02:00:00,344654.82378099975,0.020660048296216704,BUY
2015-05-08 02:00:00,350150.4937809998,0.015952961019490175,BUY
2015-05-11 02:00:00,352329.7937809997,0.0062246101428382605,BUY
2015-05-12 02:00:00,341157.31378099974,-0.03171171171171172,BUY
2015-05-13 02:00:00,344687.05378099973,0.010347633996046879,BUY
2015-05-14 02:00:00,346210.7537809997,0.004420866489831976,BUY
2015-05-15 02:00:00,344724.8737809996,-0.0042918454935623185,BUY
2015-05-18 02:00:00,344129.6737809996,-0.001726916877734297,BUY
2015-05-19 02:00:00,348800.7037809996,0.013576010741459088,BUY
2015-05-20 02:00:00,348308.0637809996,-0.0014124293785310327,BUY
2015-05-21 02:00:00,350132.9837809992,0.0052399619237544215,BUY
2015-05-22 02:00:00,349625.73378099926,-0.0014488554042305646,BUY
2015-05-26 02:00:00,357607.8337809992,0.022831050228310446,BUY
2015-05-27 02:00:00,359833.90378099924,0.0062253843221955485,BUY
2015-05-28 02:00:00,351672.22378099925,-0.022682926829268313,BUY
2015-05-29 02:00:00,357224.92378099926,0.015789473684210575,BUY
2015-06-01 02:00:00,358716.58878099924,0.0041758781626135555,BUY
2015-06-02 02:00:00,359686.23878099927,0.0027033669206193434,BUY
2015-06-03 02:00:00,353655.5987809993,-0.01676646706586815,BUY
2015-06-04 02:00:00,351307.19878099934,-0.006641808436261831,BUY
2015-06-05 02:00:00,350938.82878099935,-0.0010485844110451614,BUY
2015-06-08 02:00:00,349772.93878099933,-0.0033222591362126463,BUY
2015-06-09 02:00:00,348757.5487809993,-0.002904257937484611,BUY
2015-06-10 02:00:00,349058.1087809994,0.0008618832148246103,BUY
2015-06-11 02:00:00,350046.5707809994,0.002832070203430348,BUY
2015-06-12 02:00:00,355565.8207809994,0.01576751749982308,BUY
2015-06-15 02:00:00,356737.98078099935,0.003296929734184939,BUY
2015-06-16 02:00:00,359645.3807809994,0.008149959250203676,BUY
2015-06-17 02:00:00,360146.2107809994,0.001392581339410004,BUY
2015-06-18 02:00:00,359336.87078099936,-0.002247551773960521,BUY
2015-06-19 02:00:00,355992.59078099934,-0.009307911724966256,BUY
2015-06-22 02:00:00,366998.92578099936,0.030918481295365785,BUY
2015-06-23 02:00:00,380929.3257809994,0.03795983159638339,BUY
2015-06-24 02:00:00,375093.8457809994,-0.015320080248039325,BUY
2015-06-25 02:00:00,376131.90578099934,0.0027675276752765487,BUY
2015-06-26 02:00:00,379318.86578099936,0.008473110842123432,BUY
2015-06-29 02:00:00,361376.37578099937,-0.04730417090539163,BUY
2015-06-30 02:00:00,364903.55578099936,0.009760705289672433,BUY
2015-07-01 02:00:00,367930.97578099935,0.00829666876178492,BUY
2015-07-02 02:00:00,363676.53578099934,-0.011563440519562818,BUY
2015-07-06 02:00:00,365688.33578099933,0.005531993361608034,BUY
2015-07-07 02:00:00,370314.2657809993,0.012649973917579604,BUY
2015-07-08 02:00:00,350899.22578099935,-0.052430365920261957,BUY
2015-07-09 02:00:00,348876.8257809993,-0.0057636887608070175,BUY
2015-07-10 02:00:00,349582.0657809993,0.0020215633423179558,BUY
2015-07-13 02:00:00,348198.0457809993,-0.003959683225341903,BUY
2015-07-14 02:00:00,348981.9457809993,0.0022516887665751106,BUY
2015-07-15 02:00:00,336168.8257809993,-0.03671596124426313,BUY
2015-07-16 02:00:00,332467.3857809993,-0.011011523687580071,BUY
2015-07-17 02:00:00,332080.5657809994,-0.001163542340012813,BUY
2015-07-20 02:00:00,331532.5657809994,-0.00165043736590198,BUY
2015-07-21 02:00:00,334410.1657809994,0.008680213059775177,BUY
2015-07-22 02:00:00,337174.0757809994,0.008265582655826442,BUY
2015-07-23 02:00:00,345221.27578099933,0.023870417732310356,BUY
2015-07-24 02:00:00,343563.47578099935,-0.004802305106451077,BUY
2015-07-27 02:00:00,336592.71578099934,-0.02029602056190727,BUY
2015-07-28 02:00:00,341134.57178099937,0.013494010679751645,BUY
2015-07-29 02:00:00,345153.97178099933,0.011783610069630468,BUY
2015-07-30 02:00:00,339766.63178099936,-0.015611555009219402,BUY
2015-07-31 02:00:00,339626.3217809993,-0.0004129955947136388,BUY
2015-08-03 02:00:00,340718.36178099934,0.003215434083601254,BUY
2015-08-04 02:00:00,336032.51178099937,-0.013755858976971624,BUY
2015-08-05 02:00:00,341081.95178099937,0.015027682672209997,BUY
2015-08-06 02:00:00,337237.3317809994,-0.011274196979366158,BUY
2015-08-07 02:00:00,337060.5717809994,-0.0005242005940938599,BUY
2015-08-10 02:00:00,339253.27178099944,0.006506180871828082,BUY
2015-08-11 02:00:00,333979.93178099947,-0.015544041450777257,BUY
2015-08-12 02:00:00,333363.8317809995,-0.0018463028542026194,BUY
2015-08-13 02:00:00,330402.5817809995,-0.00889080707811818,BUY
2015-08-14 02:00:00,329494.78178099944,-0.002747918855572684,BUY
2015-08-17 02:00:00,330981.9017809995,0.004513618677042919,BUY
2015-08-18 02:00:00,326091.0517809995,-0.014779329324227986,BUY
2015-08-19 02:00:00,331912.70178099955,0.017852975495916024,BUY
2015-08-20 02:00:00,327004.4717809995,-0.014788585711310143,BUY
2015-08-21 02:00:00,319738.2317809995,-0.022222222222222143,BUY
2015-08-24 02:00:00,313544.63178099954,-0.01937180019371787,BUY
2015-08-25 02:00:00,306449.84178099956,-0.022628026994839234,BUY
2015-08-26 02:00:00,316933.04178099957,0.03421052631578947,BUY
2015-08-27 02:00:00,343753.84778099955,0.08462712016512608,BUY
2015-08-28 02:00:00,343485.28778099956,-0.0007813517385076851,BUY
2015-08-31 02:00:00,338564.03778099956,-0.01433085082374197,BUY
2015-09-01 02:00:00,330577.38778099953,-0.02359076235410984,BUY
2015-09-02 02:00:00,336411.58778099954,0.017649738100660617,BUY
2015-09-03 02:00:00,333475.15778099955,-0.00872910193815657,BUY
2015-09-04 02:00:00,332929.28778099956,-0.0016369432239166093,BUY
2015-09-08 02:00:00,349567.5877809996,0.04997807978956592,BUY
2015-09-09 02:00:00,339806.3877809996,-0.02792533009561393,BUY
2015-09-10 02:00:00,344614.78778099956,0.014150943396226356,BUY
2015-09-11 02:00:00,347639.70778099954,0.008778483376914448,BUY
2015-09-14 02:00:00,338988.2077809995,-0.02488687782805432,BUY
2015-09-15 02:00:00,344287.0427809995,0.015632114129610075,BUY
2015-09-16 02:00:00,346907.79278099956,0.007613510520487532,BUY
2015-09-17 02:00:00,350878.14278099954,0.011446954960347089,BUY
2015-09-18 02:00:00,349732.9427809995,-0.003264544712603512,BUY
2015-09-21 02:00:00,345320.4827809995,-0.012617275962471752,BUY
2015-09-22 02:00:00,345842.0827809995,0.0015112017832179525,BUY
2015-09-23 02:00:00,349599.28278099955,0.010864888123924388,BUY
2015-09-24 02:00:00,337821.58278099954,-0.03370258125195935,BUY
2015-09-25 02:00:00,334682.08278099954,-0.009295673936360438,BUY
2015-09-28 02:00:00,325300.0727809995,-0.028038636973437114,BUY
2015-09-29 02:00:00,325991.5727809995,0.002126151665485576,BUY
2015-09-30 02:00:00,329697.93278099946,0.011369888134971529,BUY
2015-10-01 02:00:00,322228.93278099946,-0.02265518803806077,BUY
2015-10-02 02:00:00,323261.9527809994,0.0032062700391877197,BUY
2015-10-05 02:00:00,329419.9227809994,0.019049612727653376,BUY
2015-10-06 02:00:00,321461.9127809994,-0.024162214667314164,BUY
2015-10-07 02:00:00,321801.0027809994,0.001054852320675037,BUY
2015-10-08 02:00:00,323052.3927809994,0.0038888888888888307,BUY
2015-10-09 02:00:00,326152.4427809994,0.00959648514279099,BUY
2015-10-12 02:00:00,326025.96278099937,-0.0003878223773512435,BUY
2015-10-13 02:00:00,327509.62278099934,0.004551460872118662,BUY
2015-10-14 02:00:00,323969.79078099935,-0.010809578107183637,BUY
2015-10-15 02:00:00,325509.98078099935,0.0047548778488275545,BUY
2015-10-16 02:00:00,327163.8307809994,0.005081134240288554,BUY
2015-10-19 02:00:00,331230.7807809994,0.01243184296619404,BUY
2015-10-20 02:00:00,332503.01078099944,0.003841059602649022,BUY
2015-10-21 02:00:00,323807.4357809995,-0.026151930261519185,BUY
2015-10-22 02:00:00,328463.55578099954,0.014379493591747616,BUY
2015-10-23 02:00:00,335370.77578099957,0.021029731689630182,BUY
2015-10-26 02:00:00,341538.2257809996,0.018391172237326003,BUY
2015-10-27 02:00:00,335680.6657809996,-0.01715071596149187,BUY
2015-10-28 02:00:00,299669.9957809996,-0.10729298024379985,BUY
2015-10-29 02:00:00,289772.3957809997,-0.03303055326176707,BUY
2015-10-30 02:00:00,311006.54578099964,0.07328767123287672,BUY
2015-11-02 03:00:00,315092.2057809997,0.013141119937236434,BUY
2015-11-03 03:00:00,314855.50578099967,-0.0007513148009015147,BUY
2015-11-04 03:00:00,315184.7057809996,0.0010455876202424275,BUY
2015-11-05 03:00:00,314973.88578099967,-0.0006688963210702559,BUY
2015-11-06 03:00:00,342399.68578099966,0.08708220415537493,BUY
2015-11-09 03:00:00,343872.98578099965,0.004302925989672968,BUY
2015-11-10 03:00:00,347119.1657809996,0.009449719711703386,BUY
2015-11-11 03:00:00,345157.31578099955,-0.005652136678941488,BUY
2015-11-12 03:00:00,332636.3457809996,-0.0362776025236593,BUY
2015-11-13 03:00:00,333892.0557809996,0.003775334481388448,BUY
2015-11-16 03:00:00,332477.9557809996,-0.004236379236379206,BUY
2015-11-17 03:00:00,330360.99578099966,-0.0063779235438521376,BUY
2015-11-18 03:00:00,339282.24578099966,0.027006589607864395,BUY
2015-11-19 03:00:00,342038.7657809997,0.008124999999999938,BUY
2015-11-20 03:00:00,343274.3957809997,0.0036131611316112533,BUY
2015-11-23 03:00:00,352312.9857809997,0.026332158407630146,BUY
2015-11-24 03:00:00,352548.0337809998,0.0006671923333536611,BUY
2015-11-25 03:00:00,356818.7937809998,0.012116089039166056,BUY
2015-11-27 03:00:00,358413.59378099977,0.004470106165021415,BUY
2015-11-30 03:00:00,364204.3737809998,0.016157551368819023,BUY
2015-12-01 03:00:00,369129.8237809998,0.013526229122559519,BUY
2015-12-02 03:00:00,366346.58378099976,-0.007540474606342995,BUY
2015-12-03 03:00:00,359828.18378099974,-0.017793594306049876,BUY
2015-12-04 03:00:00,375124.5837809997,0.04251585909029543,BUY
2015-12-07 03:00:00,375826.7837809997,0.0018719580681392234,BUY
2015-12-08 03:00:00,377064.7337809997,0.0032941176470588918,BUY
2015-12-09 03:00:00,370282.9337809998,-0.017987065481002262,BUY
2015-12-10 03:00:00,375834.0937809998,0.014994394618834228,BUY
2015-12-11 03:00:00,373642.73378099984,-0.005830903790087438,BUY
2015-12-14 03:00:00,370133.1337809998,-0.009395050412465689,BUY
2015-12-15 03:00:00,381628.1337809998,0.031057494866529867,BUY
2015-12-16 03:00:00,395314.09378099977,0.03586764334427861,BUY
2015-12-17 03:00:00,382734.25378099974,-0.031824962705121806,BUY
2015-12-18 03:00:00,370995.07378099975,-0.0306794055201699,BUY
2015-12-21 03:00:00,369015.0837809997,-0.005337078651685534,BUY
2015-12-22 03:00:00,369355.7037809997,0.0009230769230770264,BUY
2015-12-23 03:00:00,374539.3437809997,0.014037985136251097,BUY
2015-12-24 03:00:00,370858.46378099977,-0.009828009828009798,BUY
2015-12-28 03:00:00,370992.1037809998,0.0003603603603603567,BUY
2015-12-29 03:00:00,379833.1837809998,0.02383192223267483,BUY
2015-12-30 03:00:00,374176.62378099986,-0.014894023295779935,BUY
2015-12-31 03:00:00,372329.18378099985,-0.004937400811144466,BUY
2016-01-04 03:00:00,372712.5237809998,0.0010296893770378457,BUY
2016-01-05 03:00:00,370911.0837809999,-0.004833512352309222,BUY
2016-01-06 03:00:00,372466.4837809999,0.004193751310547444,BUY
2016-01-07 03:00:00,362591.6837809999,-0.02651257647858607,BUY
2016-01-08 03:00:00,362055.6437809999,-0.0014783787113465952,BUY
2016-01-11 03:00:00,361603.80378099985,-0.0012480499219968966,BUY
2016-01-12 03:00:00,370691.0637809998,0.025131179232256162,BUY
2016-01-13 03:00:00,353637.2997809998,-0.04600657236748107,BUY
2016-01-14 03:00:00,360532.63942099956,0.019499615135553983,BUY
2016-01-15 03:00:00,348402.87942099955,-0.03366869833848207,BUY
2016-01-19 03:00:00,355311.81942099956,0.019830457160157522,BUY
2016-01-20 03:00:00,347891.81942099956,-0.020883366398663505,BUY
2016-01-21 03:00:00,353612.75942099956,0.016446881019410275,BUY
2016-01-22 03:00:00,360718.2194209995,0.020094057289439915,BUY
2016-01-25 03:00:00,354684.91942099953,-0.016727579420860228,BUY
2016-01-26 03:00:00,363350.7594209995,0.024437246299561233,BUY
2016-01-27 03:00:00,358737.15942099947,-0.012698923002732676,BUY
2016-01-28 03:00:00,359745.4394209995,0.0028108108108109153,BUY
2016-01-29 03:00:00,379706.8394209995,0.055490654205607504,BUY
2016-02-01 03:00:00,386527.2194209995,0.017964071856287456,BUY
2016-02-02 03:00:00,382843.0599419995,-0.009532132722113063,BUY
2016-02-03 03:00:00,426437.2599419995,0.11387066541705715,BUY
2016-02-04 03:00:00,435070.85994199954,0.020246757355267375,BUY
2016-02-05 03:00:00,432321.85494199954,-0.006318745611982091,BUY
2016-02-08 03:00:00,442635.9749419996,0.023860146468225985,BUY
2016-02-09 03:00:00,456104.2549419996,0.030435103789613782,BUY
2016-02-10 03:00:00,459931.0549419996,0.00839043490420921,BUY
2016-02-11 03:00:00,448564.5149419996,-0.024715526734369386,BUY
2016-02-12 03:00:00,456379.7649419996,0.017423014586709806,BUY
2016-02-16 03:00:00,483412.31494199956,0.059233449477351874,BUY
2016-02-17 03:00:00,490815.2749419996,0.01531456953642385,BUY
2016-02-18 03:00:00,497322.1049419996,0.013265240053093486,BUY
2016-02-19 03:00:00,493433.1549419996,-0.00782038345105962,BUY
2016-02-22 03:00:00,499070.8149419996,0.011425462459194735,BUY
2016-02-23 03:00:00,485268.5649419996,-0.027659238185553936,BUY
2016-02-24 03:00:00,493624.4649419996,0.017219865235837295,BUY
2016-02-25 03:00:00,509124.7149419996,0.03140265177948365,BUY
2016-02-26 03:00:00,528682.7949419997,0.03842049092849531,BUY
2016-02-29 03:00:00,534362.6449419997,0.010744285993358194,BUY
2016-03-01 03:00:00,534447.8249419997,0.00015941335883962182,BUY
2016-03-02 03:00:00,540154.7469419996,0.010678830158304065,BUY
2016-03-03 03:00:00,554207.6169419996,0.026017344896597683,BUY
2016-03-04 03:00:00,573482.3469419996,0.03477921062915201,BUY
2016-03-07 03:00:00,602397.0669419996,0.050420168067226934,BUY
2016-03-08 03:00:00,598535.5669419996,-0.0064102564102563875,BUY
2016-03-09 03:00:00,604966.0069419997,0.010744234800838637,BUY
2016-03-10 03:00:00,611701.9669419997,0.011134676564156898,BUY
2016-03-11 03:00:00,612655.7669419998,0.001559332605644892,BUY
2016-03-14 02:00:00,613262.6469419998,0.000990589400693409,BUY
2016-03-15 02:00:00,616309.1469419998,0.004967709885742577,BUY
2016-03-16 02:00:00,631255.6169419999,0.02425196850393707,BUY
2016-03-17 02:00:00,633462.7569419999,0.0034965034965035446,BUY
2016-03-18 02:00:00,630034.5069419998,-0.005412092160198112,BUY
2016-03-21 02:00:00,634392.3669419998,0.006917180781454535,BUY
2016-03-22 02:00:00,631233.8669419998,-0.004979087831109341,BUY
2016-03-23 02:00:00,599812.4989419999,-0.04977800546448086,BUY
2016-03-24 02:00:00,608431.7389419999,0.014371812702827835,BUY
2016-03-28 02:00:00,607756.9989419999,-0.0011092064132297574,BUY
2016-03-29 02:00:00,621037.6689419998,0.02185282032125513,BUY
2016-03-30 02:00:00,632244.6489419998,0.018046292663789654,BUY
2016-03-31 02:00:00,640786.7289419998,0.013510977669356272,BUY
2016-04-01 02:00:00,642408.9689419998,0.0025316455696202667,BUY
2016-04-04 02:00:00,621728.0089419999,-0.03219315895372232,BUY
2016-04-05 02:00:00,621861.5089419999,0.000214730513205863,BUY
2016-04-06 02:00:00,629223.0589419998,0.011838306063522541,BUY
2016-04-07 02:00:00,622044.8089419998,-0.011408579251597217,BUY
2016-04-08 02:00:00,604801.6169419999,-0.02772161741835133,BUY
2016-04-11 02:00:00,580894.3769419999,-0.039529411764705924,BUY
2016-04-12 02:00:00,587345.5369419998,0.011105667156622534,BUY
2016-04-13 02:00:00,593675.0569419999,0.010776829815895894,BUY
2016-04-14 02:00:00,596749.276942,0.005178365937859697,BUY
2016-04-15 02:00:00,590369.176942,-0.010691823899371067,BUY
2016-04-18 02:00:00,589768.176942,-0.0010180707559175328,BUY
2016-04-19 02:00:00,589362.0169420001,-0.0006887052341597588,BUY
2016-04-20 02:00:00,577420.9348330001,-0.02026137978703413,BUY
2016-04-21 02:00:00,575047.1326796662,-0.004111316310527857,BUY
2016-04-22 02:00:00,576121.0126796662,0.0018675054059367202,BUY
2016-04-25 02:00:00,498149.8726796661,-0.13533834586466165,BUY
2016-04-26 02:00:00,506210.52267966606,0.016181229773462702,BUY
2016-04-27 02:00:00,511662.09267966606,0.010769844435580378,BUY
2016-04-28 02:00:00,493338.5426796661,-0.03581347756176001,BUY
2016-04-29 02:00:00,488965.19267966616,-0.008866920725955407,BUY
2016-05-02 02:00:00,498755.2626796661,0.020023148148148096,BUY
2016-05-03 02:00:00,486074.4126796662,-0.0254317813425744,BUY
2016-05-04 02:00:00,478488.7226796661,-0.015607734806629914,BUY
2016-05-05 02:00:00,475776.36267966614,-0.005669163798339816,BUY
2016-05-06 02:00:00,480604.3626796661,0.01014804202483277,BUY
2016-05-09 02:00:00,489437.362679666,0.018380964371144337,BUY
2016-05-10 02:00:00,496539.622679666,0.014511310285958201,BUY
2016-05-11 02:00:00,480372.142679666,-0.032562125107112205,BUY
2016-05-12 02:00:00,471583.822679666,-0.018294870261867713,BUY
2016-05-13 02:00:00,471103.36267966597,-0.0010188487009679115,BUY
2016-05-16 02:00:00,475942.635439666,0.01027340548454081,BUY
2016-05-17 02:00:00,484668.2754396659,0.01833769945225039,BUY
2016-05-18 02:00:00,484192.19543966587,-0.0009823182711198308,BUY
2016-05-19 02:00:00,479937.94543966587,-0.008787346221441172,BUY
2016-05-20 02:00:00,481201.63543966593,0.0026331187829140568,BUY
2016-05-23 02:00:00,486298.0354396659,0.010591350397175514,BUY
2016-05-24 02:00:00,499103.5354396659,0.026334269662921406,BUY
2016-05-25 02:00:00,499894.8154396659,0.0015855039637600044,BUY
2016-05-26 02:00:00,498927.1654396657,-0.0019357336430509964,BUY
2016-05-27 02:00:00,502144.8154396657,0.006450152766775963,BUY
2016-05-31 02:00:00,512037.1354396657,0.01970181043663466,BUY
2016-06-01 02:00:00,512638.63543966564,0.0011748120300751896,BUY
2016-06-02 02:00:00,534489.0754396657,0.0426243209360635,BUY
2016-06-03 02:00:00,519986.0254396657,-0.02713567839195985,BUY
2016-06-06 02:00:00,520881.4654396657,0.0017224409448819422,BUY
2016-06-07 02:00:00,518164.16543966567,-0.005216765605324802,BUY
2016-06-08 02:00:00,519930.2354396657,0.0034084453701950235,BUY
2016-06-09 02:00:00,520144.13543966576,0.0004119294776734339,BUY
2016-06-10 02:00:00,507190.0954396658,-0.024905023216547084,BUY
2016-06-13 02:00:00,518811.7054396658,0.0229174245180066,BUY
2016-06-14 02:00:00,531700.6654396658,0.024844720496894235,BUY
2016-06-15 02:00:00,527122.105439666,-0.008611410118406715,BUY
2016-06-16 02:00:00,525618.6554396661,-0.0028523367220067986,BUY
2016-06-17 02:00:00,523391.81543966616,-0.004236880115551234,BUY
2016-06-20 02:00:00,528283.3154396659,0.009345794392523032,BUY
2016-06-21 02:00:00,531078.4454396659,0.005291005291005346,BUY
2016-06-22 02:00:00,535632.275439666,0.008575077540594833,BUY
2016-06-23 02:00:00,544956.275439666,0.017408604824670437,BUY
2016-06-24 02:00:00,539236.505439666,-0.010497750482039603,BUY
2016-06-27 02:00:00,533682.4254396659,-0.01030775154764374,BUY
2016-06-28 02:00:00,548656.325439666,0.02805954419707568,BUY
2016-06-29 02:00:00,549910.325439666,0.0022857142857142243,BUY
2016-06-30 02:00:00,560873.0654396662,0.019935972060535656,BUY
2016-07-01 02:00:00,567345.9054396661,0.011545555145702657,BUY
2016-07-05 02:00:00,567446.585439666,0.00017746228926340812,BUY
2016-07-06 02:00:00,572512.9854396662,0.008928571428571397,BUY
2016-07-07 02:00:00,575538.4854396662,0.005285412262156397,BUY
2016-07-08 02:00:00,579044.4354396663,0.0060920577617329386,BUY
2016-07-11 02:00:00,577097.6954396663,-0.003362236772252669,BUY
2016-07-12 02:00:00,580640.5954396663,0.006140275015134478,BUY
2016-07-13 02:00:00,574022.6554396662,-0.011397999534775605,BUY
2016-07-14 02:00:00,573830.4054396662,-0.000334963488979767,BUY
2016-07-15 02:00:00,575407.2054396663,0.002748007694421517,BUY
2016-07-18 02:00:00,572904.8054396663,-0.004348938347403464,BUY
2016-07-19 02:00:00,579644.6954396664,0.01176546218486929,BUY
2016-07-20 02:00:00,593621.3354396663,0.02411463187325258,BUY
2016-07-21 02:00:00,591913.0954396663,-0.0028776978417266452,BUY
2016-07-22 02:00:00,602480.7754396664,0.017853435748391044,BUY
2016-07-25 02:00:00,603689.2554396663,0.002005863292701582,BUY
2016-07-26 02:00:00,600576.8554396664,-0.005155968032998115,BUY
2016-07-27 02:00:00,598596.4554396664,-0.0032976092333059093,BUY
2016-07-28 02:00:00,606996.6054396664,0.01403459030337384,BUY
2016-07-29 02:00:00,599471.9454396664,-0.012396694214876103,BUY
2016-08-01 02:00:00,601806.5554396664,0.003901362885972093,BUY
2016-08-02 02:00:00,595628.9554396663,-0.010265183917878562,BUY
2016-08-03 02:00:00,607385.2054396663,0.01973932754061214,BUY
2016-08-04 02:00:00,607385.2054396663,0.0,BUY
2016-08-05 02:00:00,604681.8754396662,-0.004450903805977013,BUY
2016-08-08 02:00:00,607268.1754396663,0.004277951208232267,BUY
2016-08-09 02:00:00,600603.2154396663,-0.010975818898988132,BUY
2016-08-10 02:00:00,597829.5354396662,-0.004618175820550907,BUY
2016-08-11 02:00:00,600800.3954396662,0.004969696969696846,BUY
2016-08-12 02:00:00,598003.5454396663,-0.004655493482309203,BUY
2016-08-15 02:00:00,614298.3514396662,0.02725020644095788,BUY
2016-08-16 02:00:00,603247.3114396662,-0.017991947659788732,BUY
2016-08-17 02:00:00,617446.3914396663,0.023541906363395038,BUY
2016-08-18 02:00:00,628182.6181063333,0.017388218594748706,BUY
2016-08-19 02:00:00,629149.0381063333,0.0015384615384614886,BUY
2016-08-22 02:00:00,634131.4881063333,0.007919366450683807,BUY
2016-08-23 02:00:00,633512.6881063333,-0.0009758477677481725,BUY
2016-08-24 02:00:00,611312.3281063333,-0.035049191848208094,BUY
2016-08-25 02:00:00,613072.8181063333,0.0028799999999999937,BUY
2016-08-26 02:00:00,611329.4281063331,-0.002843846949327933,BUY
2016-08-29 02:00:00,606447.6281063331,-0.007986060694061492,BUY
2016-08-30 02:00:00,600641.408106333,-0.009574164046870504,BUY
2016-08-31 02:00:00,604400.408106333,0.006258381761287568,BUY
2016-09-01 02:00:00,610302.248106333,0.009767441860465187,BUY
2016-09-02 02:00:00,616941.048106333,0.01087801087801088,BUY
2016-09-06 02:00:00,602975.718106333,-0.022636484687083902,BUY
2016-09-07 02:00:00,598865.318106333,-0.006817296455005839,BUY
2016-09-08 02:00:00,594633.2581063331,-0.007067137809187329,BUY
2016-09-09 02:00:00,573165.5181063331,-0.036102702096647565,BUY
2016-09-12 02:00:00,583949.3181063331,0.01881467544684856,BUY
2016-09-13 02:00:00,584610.3681063332,0.0011320754716981352,BUY
2016-09-14 02:00:00,593869.9381063333,0.01583936143676712,BUY
2016-09-15 02:00:00,597589.5181063332,0.0062633262260127776,BUY
2016-09-16 02:00:00,598258.5781063332,0.0011196118678857836,BUY
2016-09-19 02:00:00,591282.8731063331,-0.011660285415941551,BUY
2016-09-20 02:00:00,592302.5731063331,0.0017247326664366902,BUY
2016-09-21 02:00:00,607827.4231063331,0.026211278792692694,BUY
2016-09-22 02:00:00,610894.1131063331,0.005045871559633097,BUY
2016-09-23 02:00:00,598188.2731063331,-0.020798943545724646,BUY
2016-09-26 02:00:00,595891.9531063332,-0.003839091971290176,BUY
2016-09-27 02:00:00,601779.3031063332,0.00988080301129246,BUY
2016-09-28 02:00:00,603124.2511063333,0.002235071182158377,BUY
2016-09-29 02:00:00,590087.4511063334,-0.02161800757744592,BUY
2016-09-30 02:00:00,594937.2111063334,0.008220006044122208,BUY
2016-10-03 02:00:00,628478.8211063334,0.056382309788304275,BUY
2016-10-04 02:00:00,628478.8211063334,0.0,BUY
2016-10-05 02:00:00,644149.2611063333,0.02493438320209962,BUY
2016-10-06 02:00:00,661250.5211063332,0.026548672566371723,BUY
2016-10-07 02:00:00,671595.8711063333,0.01564513160316583,BUY
2016-10-10 02:00:00,670716.6711063334,-0.0013091453151299337,BUY
2016-10-11 02:00:00,657482.9211063334,-0.019731649565903675,BUY
2016-10-12 02:00:00,644191.6211063333,-0.020217281818835864,BUY
2016-10-13 02:00:00,640582.1811063334,-0.005603164139749484,BUY
2016-10-14 02:00:00,635183.3411063333,-0.008429300724207667,BUY
2016-10-17 02:00:00,629827.9911063333,-0.008431703204047292,BUY
2016-10-18 02:00:00,631788.6111063334,0.0031131359149583204,BUY
2016-10-19 02:00:00,637181.9011063335,0.008536585365853666,BUY
2016-10-20 02:00:00,635746.4611063335,-0.0022528865108419893,BUY
2016-10-21 02:00:00,634698.7611063339,-0.001647989452866927,BUY
2016-10-24 02:00:00,644143.4811063339,0.014881970578173087,BUY
2016-10-25 02:00:00,638105.2311063339,-0.009374294104359748,BUY
2016-10-26 02:00:00,644182.291106334,0.00952380952380949,BUY
2016-10-27 02:00:00,637996.538606334,-0.009602906825849966,BUY
2016-10-28 02:00:00,622614.158606334,-0.02411185618490508,BUY
2016-10-31 02:00:00,650137.198606334,0.04420844653000744,BUY
2016-11-01 02:00:00,650520.5986063341,0.0005897385492432683,BUY
2016-11-02 02:00:00,629965.4736063341,-0.03160057758524937,BUY
2016-11-03 02:00:00,631497.8736063341,0.0024327940639825574,BUY
2016-11-04 02:00:00,612229.953606334,-0.030512168543407214,BUY
2016-11-07 03:00:00,628038.713606334,0.02582257392753018,BUY
2016-11-08 03:00:00,653460.293606334,0.04047942107643587,BUY
2016-11-09 03:00:00,650202.113606334,-0.004986914892943006,BUY
2016-11-10 03:00:00,646239.9036063341,-0.00609502176793475,BUY
2016-11-11 03:00:00,643157.7036063342,-0.0047698200476982144,BUY
2016-11-14 03:00:00,611501.0736063342,-0.04922132545185853,BUY
2016-11-15 03:00:00,604671.4536063342,-0.011172759747662853,BUY
2016-11-16 03:00:00,606960.9536063343,0.0037864445285877846,BUY
2016-11-17 03:00:00,624180.7436063342,0.02837127845884413,BUY
2016-11-18 03:00:00,625383.9436063342,0.001927710843373509,BUY
2016-11-21 03:00:00,623271.1936063342,-0.0033783783783783994,BUY
2016-11-22 03:00:00,632523.4036063341,0.014844804318488558,BUY
2016-11-23 03:00:00,633807.1636063341,0.002029769959404515,BUY
2016-11-25 03:00:00,632369.5036063342,-0.0022684310018902254,BUY
2016-11-28 03:00:00,628576.2736063342,-0.005998666962897081,BUY
2016-11-29 03:00:00,653397.9736063343,0.03948896631823473,BUY
2016-11-30 03:00:00,653884.6736063344,0.0007448789571693482,BUY
2016-12-01 03:00:00,668675.0036063344,0.02261938006143538,BUY
2016-12-02 03:00:00,668675.0036063344,0.0,BUY
2016-12-05 03:00:00,674747.0236063345,0.009080945670894014,BUY
2016-12-06 03:00:00,679506.7036063344,0.0070585756426464474,BUY
2016-12-07 03:00:00,655152.3036063344,-0.03584229390681015,BUY
2016-12-08 03:00:00,649777.9836063343,-0.008203926164664588,BUY
2016-12-09 03:00:00,646614.9336063343,-0.004868198045508754,BUY
2016-12-12 03:00:00,640983.5836063343,-0.008709216170544654,BUY
2016-12-13 03:00:00,644126.5936063343,0.004903809883062937,BUY
2016-12-14 03:00:00,641454.5936063343,-0.004148516905206456,BUY
2016-12-15 03:00:00,635435.5036063343,-0.009384521633150511,BUY
2016-12-16 03:00:00,623241.0036063343,-0.019192587690271434,BUY
2016-12-19 03:00:00,625764.0036063343,0.004048582995951566,BUY
2016-12-20 03:00:00,621938.536939668,-0.006113715005035991,BUY
2016-12-21 03:00:00,618289.6302730008,-0.0058674152479084585,BUY
2016-12-22 03:00:00,619397.4402730007,0.0017918227724385005,BUY
2016-12-23 03:00:00,623486.7802730007,0.006602254428341281,BUY
2016-12-27 03:00:00,624504.8002730007,0.0016328635269851066,BUY
2016-12-28 03:00:00,633092.2402730008,0.013750954927425507,BUY
2016-12-29 03:00:00,633973.2952730008,0.0013916808411937875,BUY
2016-12-30 03:00:00,631049.8252730008,-0.004611514812744577,BUY
2017-01-03 03:00:00,645979.6452730008,0.023660361291892418,BUY
2017-01-04 03:00:00,642880.2052730009,-0.004798551380715277,BUY
2017-01-05 03:00:00,646372.7852730008,0.0054329695467758565,BUY
2017-01-06 03:00:00,641328.9452730009,-0.007804260704492694,BUY
2017-01-09 03:00:00,636027.1452730008,-0.008267949042436551,BUY
2017-01-10 03:00:00,636951.6252730009,0.0014536644457905368,BUY
2017-01-11 03:00:00,639260.5252730009,0.0036249794035261296,BUY
2017-01-12 03:00:00,626898.6052730009,-0.019339045287637635,BUY
2017-01-13 03:00:00,630804.6052730009,0.0062309609526447485,BUY
2017-01-17 03:00:00,645422.5652730009,0.02317429406036986,BUY
2017-01-18 03:00:00,624919.5186063343,-0.031766867944342136,BUY
2017-01-19 03:00:00,620775.6736063344,-0.006631540697674465,BUY
2017-01-20 03:00:00,628658.9236063344,0.012700165654334628,BUY
2017-01-23 03:00:00,627351.2836063344,-0.0020802741067058594,BUY
2017-01-24 03:00:00,628723.0036063343,0.0021865889212826506,BUY
2017-01-25 03:00:00,630474.8236063343,0.00278767674445346,BUY
2017-01-26 03:00:00,631351.8536063343,0.0013911522715528424,BUY
2017-01-27 03:00:00,634687.5336063344,0.005283579625195989,BUY
2017-01-30 03:00:00,632199.5536063344,-0.003920171062009925,BUY
2017-01-31 03:00:00,627372.9136063345,-0.007634975459007376,BUY
2017-02-01 03:00:00,627444.5536063345,0.00011427628195748163,BUY
2017-02-02 03:00:00,627766.1836063344,0.0005126452494872424,BUY
2017-02-03 03:00:00,628548.1036063344,0.001245674740484537,BUY
2017-02-06 03:00:00,626564.1036063344,-0.0031597136509504686,BUY
2017-02-07 03:00:00,627586.4236063344,0.0016317308899209682,BUY
2017-02-08 03:00:00,626187.3613396675,-0.002229381997197577,BUY
2017-02-09 03:00:00,614569.8013396675,-0.018554541373634548,BUY
2017-02-10 03:00:00,614827.2080063344,0.00041884816753934295,BUY
2017-02-13 03:00:00,622770.6080063343,0.012919896640826822,BUY
2017-02-14 03:00:00,629928.8080063342,0.011494252873563315,BUY
2017-02-15 03:00:00,620156.8480063342,-0.0155129862498532,BUY
2017-02-16 03:00:00,623858.3480063342,0.005968723886832894,BUY
2017-02-17 03:00:00,690825.7380063342,0.10735563703024753,BUY
2017-02-21 03:00:00,694373.8880063342,0.0051363797378674025,BUY
2017-02-22 03:00:00,691927.6780063342,-0.003523127628139444,BUY
2017-02-23 03:00:00,691648.3280063343,-0.0004037793749495089,BUY
2017-02-24 03:00:00,696024.9080063341,0.0063278220044906686,BUY
2017-02-27 03:00:00,687284.3080063341,-0.012559228178340986,BUY
2017-02-28 03:00:00,688373.6680063341,0.0015850651637900892,BUY
2017-03-01 03:00:00,705139.6680063341,0.024357892198239472,BUY
2017-03-02 03:00:00,708555.3080063341,0.00484399487106435,BUY
2017-03-03 03:00:00,718569.2640063341,0.014133665077061375,BUY
2017-03-06 03:00:00,702020.6240063341,-0.023032754795771937,BUY
2017-03-07 03:00:00,696725.3073396682,-0.0075438359051756,BUY
2017-03-08 03:00:00,691904.8353396682,-0.006919023291363291,BUY
2017-03-09 03:00:00,688612.6353396681,-0.004758250191864932,BUY
2017-03-10 03:00:00,690740.2353396682,0.003089757454039832,BUY
2017-03-13 02:00:00,692006.9353396683,0.0018338529249954938,BUY
2017-03-14 02:00:00,692400.5553396683,0.0005688282138796019,BUY
2017-03-15 02:00:00,687410.2053396682,-0.00720746184284915,BUY
2017-03-16 02:00:00,692213.0453396683,0.006987258528565521,BUY
2017-03-17 02:00:00,696681.4653396682,0.0064561967132088505,BUY
2017-03-20 02:00:00,699283.9953396682,0.003736433189015953,BUY
2017-03-21 02:00:00,692024.5053396682,-0.010382184772795622,BUY
2017-03-22 02:00:00,697958.7453396681,0.00857519788918193,BUY
2017-03-23 02:00:00,699567.4953396681,0.0023049645390071927,BUY
2017-03-24 02:00:00,705276.9953396681,0.00816151202749138,BUY
2017-03-27 02:00:00,703497.6353396681,-0.0025232251404977424,BUY
2017-03-28 02:00:00,707397.4353396682,0.005544129482249804,BUY
2017-03-29 02:00:00,736500.3953396683,0.041143216080401945,BUY
2017-03-30 02:00:00,733850.6353396684,-0.0035979311895659727,BUY
2017-03-31 02:00:00,749897.9053396684,0.021867612293144267,BUY
2017-04-03 02:00:00,769422.1453396685,0.026036644165863043,BUY
2017-04-04 02:00:00,770482.2153396684,0.0013777555110219275,BUY
2017-04-05 02:00:00,767563.0153396685,-0.0037889551956047374,BUY
2017-04-06 02:00:00,771562.8153396684,0.005211047420531356,BUY
2017-04-07 02:00:00,768645.6153396685,-0.0037850113550340625,BUY
2017-04-10 02:00:00,770318.8953396685,0.002177529109330223,BUY
2017-04-11 02:00:00,764277.2153396684,-0.007843137254901933,BUY
2017-04-12 02:00:00,737213.5353396684,-0.03541102077687441,BUY
2017-04-13 02:00:00,731179.6953396684,-0.008185899128597796,BUY
2017-04-17 02:00:00,739168.1953396684,0.010926206085056345,BUY
2017-04-18 02:00:00,738171.4853396686,-0.0013484572063138245,BUY
2017-04-19 02:00:00,785182.7786730016,0.0636868868186431,BUY
2017-04-20 02:00:00,783018.0186730017,-0.002757158006362559,BUY
2017-04-21 02:00:00,774593.5186730017,-0.010759299108515252,BUY
2017-04-24 02:00:00,791110.9686730016,0.02132514951211828,BUY
2017-04-25 02:00:00,801101.2086730016,0.012628255722178405,BUY
2017-04-26 02:00:00,804468.9486730017,0.00420518260342484,BUY
2017-04-27 02:00:00,805347.9386730017,0.0010926902788244153,BUY
2017-04-28 02:00:00,777043.6986730017,-0.03514911155177103,BUY
2017-05-01 02:00:00,775470.7386730016,-0.002024291497975783,BUY
2017-05-02 02:00:00,777558.9786730016,0.002692998204667729,BUY
2017-05-03 02:00:00,782833.0586730016,0.006782945736434121,BUY
2017-05-04 02:00:00,795683.7986730017,0.01641693811074929,BUY
2017-05-05 02:00:00,830396.5686730017,0.04362688688824212,BUY
2017-05-08 02:00:00,836813.7186730017,0.0077335433002923,BUY
2017-05-09 02:00:00,839182.3674663354,0.0028306949753293953,BUY
2017-05-10 02:00:00,838994.6324663353,-0.00022371364653250847,BUY
2017-05-11 02:00:00,833849.2424663353,-0.0061432399699687945,BUY
2017-05-12 02:00:00,837770.1524663352,0.004702194357366851,BUY
2017-05-15 02:00:00,859256.7524663352,0.025650557620817915,BUY
2017-05-16 02:00:00,861013.8924663352,0.002044989775051187,BUY
2017-05-17 02:00:00,850228.7724663353,-0.012526096033402823,BUY
2017-05-18 02:00:00,844009.7724663353,-0.007314694408322553,BUY
2017-05-19 02:00:00,852692.9724663353,0.010288065843621297,BUY
2017-05-22 02:00:00,879779.2624663353,0.03176567656765683,BUY
2017-05-23 02:00:00,882463.7624663353,0.0030514385353095363,BUY
2017-05-24 02:00:00,887818.1324663353,0.006067610517191513,BUY
2017-05-25 02:00:00,893941.3324663354,0.006897104819953537,BUY
2017-05-26 02:00:00,890542.4924663353,-0.0038025145660840476,BUY
2017-05-30 02:00:00,875423.0924663353,-0.01697792869269954,BUY
2017-05-31 02:00:00,885333.1724663354,0.01132075471698113,BUY
2017-06-01 02:00:00,880661.2724663353,-0.005277525022748031,BUY
2017-06-02 02:00:00,879240.2424663354,-0.001613704071499411,BUY
2017-06-05 02:00:00,856729.1924663355,-0.025603241849327718,BUY
2017-06-06 02:00:00,839279.8924663354,-0.020368029217586736,BUY
2017-06-07 02:00:00,840702.3974663354,0.0016949152542373724,BUY
2017-06-08 02:00:00,839199.4674663355,-0.0017877458150495906,BUY
2017-06-09 02:00:00,804971.4674663355,-0.040787289542328686,BUY
2017-06-12 02:00:00,771408.5974663355,-0.041700942858950873,BUY
2017-06-13 02:00:00,780116.3974663356,0.011288343558282232,BUY
2017-06-14 02:00:00,777655.4974663357,-0.003154574132492094,BUY
2017-06-15 02:00:00,781267.0174663358,0.004644289634790022,BUY
2017-06-16 02:00:00,782599.9174663358,0.001706193482341023,BUY
2017-06-19 02:00:00,783949.5574663358,0.0017246335153779935,BUY
2017-06-20 02:00:00,830605.0774663358,0.059513830678960655,BUY
2017-06-21 02:00:00,875337.5174663359,0.053883269739365636,BUY
2017-06-22 02:00:00,879881.9174663358,0.005191722910331542,BUY
2017-06-23 02:00:00,873899.5174663358,-0.006799252082270946,BUY
2017-06-26 02:00:00,866262.0874663359,-0.00873965041398339,BUY
2017-06-27 02:00:00,855786.0874663357,-0.012093523246439197,BUY
2017-06-28 02:00:00,865058.3374663357,0.010835018780699146,BUY
2017-06-29 02:00:00,848364.2974663357,-0.019298245614035148,BUY
2017-06-30 02:00:00,856546.0774663357,0.009644670050761528,BUY
2017-07-03 02:00:00,866969.7374663358,0.01216943599344722,BUY
2017-07-05 02:00:00,871955.0174663357,0.005750798722044648,BUY
2017-07-06 02:00:00,860716.8274663357,-0.012888551933282755,BUY
2017-07-07 02:00:00,884142.2874663357,0.027216856892010366,BUY
2017-07-10 02:00:00,880638.6974663357,-0.003962784286698828,BUY
2017-07-11 02:00:00,888368.3774663358,0.008777429467084596,BUY
2017-07-12 02:00:00,888778.7774663357,0.00046202714409471213,BUY
2017-07-13 02:00:00,879677.1874663357,-0.010242391106251136,BUY
2017-07-14 02:00:00,877723.9474663357,-0.002220657531278758,BUY
2017-07-17 02:00:00,877723.9474663357,0.0,BUY
2017-07-18 02:00:00,882226.8274663357,0.005130687318489757,BUY
2017-07-19 02:00:00,883476.1274663358,0.0014161220043573675,BUY
2017-07-20 02:00:00,866443.7941330026,-0.019278966647387374,BUY
2017-07-21 02:00:00,858216.4741330027,-0.009496322502560273,BUY
2017-07-24 02:00:00,856728.7141330026,-0.0017337282380986974,BUY
2017-07-25 02:00:00,849829.5141330026,-0.008054366977095384,BUY
2017-07-26 02:00:00,847271.5341330026,-0.003010033444816096,BUY
2017-07-27 02:00:00,829255.9541330028,-0.021263289555972342,BUY
2017-07-28 02:00:00,826411.1741330028,-0.0034305317324185847,BUY
2017-07-31 02:00:00,798572.9241330028,-0.03368773835663941,BUY
2017-08-01 02:00:00,784365.5241330027,-0.01779183552436492,BUY
2017-08-02 02:00:00,766772.6241330028,-0.022433410912852336,BUY
2017-08-03 02:00:00,769136.3741330028,0.003083143795804988,BUY
2017-08-04 02:00:00,760862.897466336,-0.010757052973412007,BUY
2017-08-07 02:00:00,757931.857466336,-0.0038525041276830096,BUY
2017-08-08 02:00:00,751164.657466336,-0.008928571428571397,BUY
2017-08-09 02:00:00,772650.707466336,0.028608082103912746,BUY
2017-08-10 02:00:00,697116.787466336,-0.09776225995873666,BUY
2017-08-11 02:00:00,714371.687466336,0.024752475247524774,BUY
2017-08-14 02:00:00,712575.557466336,-0.0025143678160919336,BUY
