,Type,Ticker,Price,Volume,Datetime
2014-03-24 02:00:00,BUY,ATVI,20.491,4880,2014-03-24 02:00:00
2014-03-25 02:00:00,BUY,ROST,35.835,2804,2014-03-25 02:00:00
2014-03-26 02:00:00,BUY,MELI,96.12,1038,2014-03-26 02:00:00
2014-03-27 02:00:00,BUY,AMD,3.91,25159,2014-03-27 02:00:00
2014-03-28 02:00:00,BUY,CDNS,15.4,6338,2014-03-28 02:00:00
2014-03-31 02:00:00,BUY,MU,23.66,4163,2014-03-31 02:00:00
2014-04-01 02:00:00,BUY,ISRG,54.8444433333333,1855,2014-04-01 02:00:00
2014-04-02 02:00:00,BUY,VRSK,60.61,1763,2014-04-02 02:00:00
2014-04-03 02:00:00,BUY,IDXX,62.1,1725,2014-04-03 02:00:00
2014-04-04 02:00:00,BUY,EXC,34.47,3051,2014-04-04 02:00:00
2014-04-07 02:00:00,BUY,PEP,83.91,1261,2014-04-07 02:00:00
2014-04-08 02:00:00,BUY,EA,28.73,3665,2014-04-08 02:00:00
2014-04-09 02:00:00,BUY,SIRI,3.14,32872,2014-04-09 02:00:00
2014-04-10 02:00:00,BUY,ISRG,50.40111,2021,2014-04-10 02:00:00
2014-04-11 02:00:00,BUY,SIRI,3.16,31255,2014-04-11 02:00:00
2014-04-14 02:00:00,BUY,PAYX,40.3,2423,2014-04-14 02:00:00
2014-04-15 02:00:00,BUY,EXC,36.0,2738,2014-04-15 02:00:00
2014-04-16 02:00:00,BUY,TMUS,29.75,3336,2014-04-16 02:00:00
2014-04-17 02:00:00,BUY,LRCX,52.74,1922,2014-04-17 02:00:00
2014-04-21 02:00:00,BUY,CHTR,123.61,820,2014-04-21 02:00:00
2014-04-22 02:00:00,BUY,ISRG,46.9255566666667,2221,2014-04-22 02:00:00
2014-04-23 02:00:00,BUY,ISRG,41.547778,2221,2014-04-23 02:00:00
2014-04-24 02:00:00,BUY,XLNX,47.66,1922,2014-04-24 02:00:00
2014-04-25 02:00:00,BUY,NVDA,4.6825,19627,2014-04-25 02:00:00
2014-04-28 02:00:00,BUY,MRVL,15.72,5821,2014-04-28 02:00:00
2014-04-29 02:00:00,BUY,PCAR,57.0,1620,2014-04-29 02:00:00
2014-04-30 02:00:00,BUY,EXC,35.03,2659,2014-04-30 02:00:00
2014-05-01 02:00:00,BUY,ANSS,72.49,1320,2014-05-01 02:00:00
2014-05-02 02:00:00,BUY,XEL,31.19,3132,2014-05-02 02:00:00
2014-05-05 02:00:00,BUY,NXPI,61.22,1598,2014-05-05 02:00:00
2014-05-06 02:00:00,BUY,MRVL,15.395,6286,2014-05-06 02:00:00
2014-05-07 02:00:00,BUY,TCOM,22.837,4215,2014-05-07 02:00:00
2014-05-08 02:00:00,BUY,CDNS,15.53,6147,2014-05-08 02:00:00
2014-05-09 02:00:00,BUY,FISV,30.5,3119,2014-05-09 02:00:00
2014-05-12 02:00:00,BUY,EXC,35.4,2714,2014-05-12 02:00:00
2014-05-13 02:00:00,BUY,XLNX,46.18,2094,2014-05-13 02:00:00
2014-05-14 02:00:00,BUY,CSX,9.78666666666667,9805,2014-05-14 02:00:00
2014-05-15 02:00:00,BUY,INCY,50.95,1864,2014-05-15 02:00:00
2014-05-16 02:00:00,BUY,TMUS,33.09,2794,2014-05-16 02:00:00
2014-05-19 02:00:00,BUY,AEP,51.02,1850,2014-05-19 02:00:00
2014-05-20 02:00:00,BUY,CDNS,16.29,5788,2014-05-20 02:00:00
2014-05-21 02:00:00,BUY,ASML,82.99,1153,2014-05-21 02:00:00
2014-05-22 02:00:00,BUY,SPLK,45.75,2101,2014-05-22 02:00:00
2014-05-23 02:00:00,BUY,JD,20.1,4807,2014-05-23 02:00:00
2014-05-27 02:00:00,BUY,JD,22.97,4807,2014-05-27 02:00:00
2014-05-28 02:00:00,BUY,COST,97.24,1225,2014-05-28 02:00:00
2014-05-29 02:00:00,BUY,MAR,60.68,1961,2014-05-29 02:00:00
2014-05-30 02:00:00,BUY,TXN,46.98,2572,2014-05-30 02:00:00
2014-06-02 02:00:00,BUY,MRVL,15.92,7592,2014-06-02 02:00:00
2014-06-03 02:00:00,BUY,LRCX,64.65,1886,2014-06-03 02:00:00
2014-06-04 02:00:00,BUY,MU,28.97,4203,2014-06-04 02:00:00
2014-06-05 02:00:00,BUY,AMZN,323.57,377,2014-06-05 02:00:00
2014-06-06 02:00:00,BUY,ANSS,75.83,1639,2014-06-06 02:00:00
2014-06-09 02:00:00,BUY,GILD,79.005,1588,2014-06-09 02:00:00
2014-06-10 02:00:00,BUY,DLTR,54.61,2313,2014-06-10 02:00:00
2014-06-11 02:00:00,BUY,EXC,35.75,3511,2014-06-11 02:00:00
2014-06-12 02:00:00,BUY,KLAC,54.551401,2257,2014-06-12 02:00:00
2014-06-13 02:00:00,BUY,AVGO,71.42,2167,2014-06-13 02:00:00
2014-06-16 02:00:00,BUY,VRTX,67.12,2288,2014-06-16 02:00:00
2014-06-17 02:00:00,BUY,SGEN,39.29,3838,2014-06-17 02:00:00
2014-06-18 02:00:00,BUY,ADI,55.13,2764,2014-06-18 02:00:00
2014-06-19 02:00:00,BUY,INCY,55.91,2715,2014-06-19 02:00:00
2014-06-20 02:00:00,BUY,FOX,33.57,4561,2014-06-20 02:00:00
2014-06-23 02:00:00,BUY,CTAS,63.18,2420,2014-06-23 02:00:00
2014-06-24 02:00:00,BUY,MCHP,24.38,6208,2014-06-24 02:00:00
2014-06-25 02:00:00,BUY,MELI,89.67,1690,2014-06-25 02:00:00
2014-06-26 02:00:00,BUY,IDXX,67.085,2289,2014-06-26 02:00:00
2014-06-27 02:00:00,BUY,VRSN,48.76,3138,2014-06-27 02:00:00
2014-06-30 02:00:00,BUY,CMCSA,26.84,5707,2014-06-30 02:00:00
2014-07-01 02:00:00,BUY,EXC,35.7,4325,2014-07-01 02:00:00
2014-07-02 02:00:00,BUY,SPLK,55.08,2716,2014-07-02 02:00:00
2014-07-03 02:00:00,BUY,AMD,4.24,34436,2014-07-03 02:00:00
2014-07-07 02:00:00,BUY,AAPL,23.992,6114,2014-07-07 02:00:00
2014-07-08 02:00:00,BUY,COST,100.46,1450,2014-07-08 02:00:00
2014-07-09 02:00:00,BUY,ORLY,155.65,940,2014-07-09 02:00:00
2014-07-10 02:00:00,BUY,MNST,23.62,6117,2014-07-10 02:00:00
2014-07-11 02:00:00,BUY,MDLZ,38.42,3768,2014-07-11 02:00:00
2014-07-14 02:00:00,BUY,SNPS,39.16,3710,2014-07-14 02:00:00
2014-07-15 02:00:00,BUY,MRVL,14.18,10301,2014-07-15 02:00:00
2014-07-16 02:00:00,BUY,INTC,34.65,4278,2014-07-16 02:00:00
2014-07-17 02:00:00,BUY,SIRI,3.455,41729,2014-07-17 02:00:00
2014-07-18 02:00:00,BUY,NVDA,4.61,31139,2014-07-18 02:00:00
2014-07-21 02:00:00,BUY,ASML,87.46,1651,2014-07-21 02:00:00
2014-07-22 02:00:00,BUY,IDXX,65.775,2188,2014-07-22 02:00:00
2014-07-23 02:00:00,BUY,ISRG,51.2922233333333,2848,2014-07-23 02:00:00
2014-07-24 02:00:00,BUY,LULU,39.51,3791,2014-07-24 02:00:00
2014-07-25 02:00:00,BUY,AMZN,324.01,456,2014-07-25 02:00:00
2014-07-28 02:00:00,BUY,AEP,54.65,2677,2014-07-28 02:00:00
2014-07-29 02:00:00,BUY,PCAR,57.0,2540,2014-07-29 02:00:00
2014-07-30 02:00:00,BUY,MDLZ,36.97,3944,2014-07-30 02:00:00
2014-07-31 02:00:00,BUY,DXCM,37.68,3770,2014-07-31 02:00:00
2014-08-01 02:00:00,BUY,CHKP,66.59,2108,2014-08-01 02:00:00
2014-08-04 02:00:00,BUY,FOX,31.37,4499,2014-08-04 02:00:00
2014-08-05 02:00:00,BUY,INTC,32.82,4254,2014-08-05 02:00:00
2014-08-06 02:00:00,BUY,CTSH,43.67,3199,2014-08-06 02:00:00
2014-08-07 02:00:00,BUY,LRCX,67.69,2097,2014-08-07 02:00:00
2014-08-08 02:00:00,BUY,NVDA,4.75,30179,2014-08-08 02:00:00
2014-08-11 02:00:00,BUY,IDXX,62.95,2265,2014-08-11 02:00:00
2014-08-12 02:00:00,BUY,AMD,4.08,35158,2014-08-12 02:00:00
2014-08-13 02:00:00,BUY,FAST,21.79,6631,2014-08-13 02:00:00
2014-08-14 02:00:00,BUY,CSCO,24.54,5960,2014-08-14 02:00:00
2014-08-15 02:00:00,BUY,SGEN,42.23,3447,2014-08-15 02:00:00
2014-08-18 02:00:00,BUY,KLAC,59.793481,2482,2014-08-18 02:00:00
2014-08-19 02:00:00,BUY,NTES,17.716,10503,2014-08-19 02:00:00
2014-08-20 02:00:00,BUY,SPLK,42.9,4313,2014-08-20 02:00:00
2014-08-21 02:00:00,BUY,AMZN,332.91,546,2014-08-21 02:00:00
2014-08-22 02:00:00,BUY,INTU,83.57,2170,2014-08-22 02:00:00
2014-08-25 02:00:00,BUY,EA,37.62,4782,2014-08-25 02:00:00
2014-08-26 02:00:00,BUY,SIRI,3.56,50457,2014-08-26 02:00:00
2014-08-27 02:00:00,BUY,GOOG,571.0,317,2014-08-27 02:00:00
2014-08-28 02:00:00,BUY,JD,31.44,5743,2014-08-28 02:00:00
2014-08-29 02:00:00,BUY,MDLZ,36.19,5065,2014-08-29 02:00:00
2014-09-02 02:00:00,BUY,TXN,47.905,3779,2014-09-02 02:00:00
2014-09-03 02:00:00,BUY,AAPL,24.735,7387,2014-09-03 02:00:00
2014-09-04 02:00:00,BUY,ATVI,23.79,7617,2014-09-04 02:00:00
2014-09-05 02:00:00,BUY,CDNS,18.08,10119,2014-09-05 02:00:00
2014-09-08 02:00:00,BUY,CTSH,45.73,3972,2014-09-08 02:00:00
2014-09-09 02:00:00,BUY,GOOG,581.01,309,2014-09-09 02:00:00
2014-09-10 02:00:00,BUY,MELI,117.05,1542,2014-09-10 02:00:00
2014-09-11 02:00:00,BUY,MELI,114.19,1542,2014-09-11 02:00:00
2014-09-12 02:00:00,BUY,CHKP,71.8,2466,2014-09-12 02:00:00
2014-09-15 02:00:00,BUY,CTAS,66.87,2595,2014-09-15 02:00:00
2014-09-16 02:00:00,BUY,PAYX,41.9,4141,2014-09-16 02:00:00
2014-09-17 02:00:00,BUY,ASML,100.44,1754,2014-09-17 02:00:00
2014-09-18 02:00:00,BUY,CHTR,162.09,1105,2014-09-18 02:00:00
2014-09-19 02:00:00,BUY,VRTX,103.75,1730,2014-09-19 02:00:00
2014-09-22 02:00:00,BUY,MNST,30.793333,5884,2014-09-22 02:00:00
2014-09-23 02:00:00,BUY,CHTR,156.37,1135,2014-09-23 02:00:00
2014-09-24 02:00:00,BUY,CHKP,70.53,2498,2014-09-24 02:00:00
2014-09-25 02:00:00,BUY,CHTR,154.53,1123,2014-09-25 02:00:00
2014-09-26 02:00:00,BUY,EXC,33.7,5228,2014-09-26 02:00:00
2014-09-29 02:00:00,BUY,EXC,34.11,5228,2014-09-29 02:00:00
2014-09-30 02:00:00,BUY,CTAS,70.59,2525,2014-09-30 02:00:00
2014-10-01 02:00:00,BUY,MELI,110.72,1565,2014-10-01 02:00:00
2014-10-02 02:00:00,BUY,TSLA,50.284,3458,2014-10-02 02:00:00
2014-10-03 02:00:00,BUY,GILD,106.52,1657,2014-10-03 02:00:00
2014-10-06 02:00:00,BUY,XLNX,41.165,4232,2014-10-06 02:00:00
2014-10-07 02:00:00,BUY,XEL,30.83,5567,2014-10-07 02:00:00
2014-10-08 02:00:00,BUY,EBAY,22.94206,7678,2014-10-08 02:00:00
2014-10-09 02:00:00,BUY,AAPL,25.255,6763,2014-10-09 02:00:00
2014-10-10 02:00:00,BUY,PEP,94.65,1799,2014-10-10 02:00:00
2014-10-13 02:00:00,BUY,CSX,10.56666666666667,15998,2014-10-13 02:00:00
2014-10-14 02:00:00,BUY,NTES,17.172,10127,2014-10-14 02:00:00
2014-10-15 02:00:00,BUY,ADBE,62.19,2898,2014-10-15 02:00:00
2014-10-16 02:00:00,BUY,TMUS,25.67,7097,2014-10-16 02:00:00
2014-10-17 02:00:00,BUY,AAPL,24.4175,7589,2014-10-17 02:00:00
2014-10-20 02:00:00,BUY,MELI,106.96,1769,2014-10-20 02:00:00
2014-10-21 02:00:00,BUY,ADI,46.715,4179,2014-10-21 02:00:00
2014-10-22 02:00:00,BUY,MDLZ,33.89,5675,2014-10-22 02:00:00
2014-10-23 02:00:00,BUY,CHKP,71.0,2726,2014-10-23 02:00:00
2014-10-24 02:00:00,BUY,IDXX,67.6,2932,2014-10-24 02:00:00
2014-10-27 02:00:00,BUY,JD,24.13,8431,2014-10-27 02:00:00
2014-10-28 02:00:00,BUY,AMGN,157.19,1329,2014-10-28 02:00:00
2014-10-29 02:00:00,BUY,MNST,32.883333,6421,2014-10-29 02:00:00
2014-10-30 02:00:00,BUY,INCY,64.18,3305,2014-10-30 02:00:00
2014-10-31 02:00:00,BUY,EBAY,22.096095,10031,2014-10-31 02:00:00
2014-11-03 03:00:00,BUY,JD,24.77,8982,2014-11-03 03:00:00
2014-11-04 03:00:00,BUY,COST,119.55,1871,2014-11-04 03:00:00
2014-11-05 03:00:00,BUY,MDLZ,37.15,6020,2014-11-05 03:00:00
2014-11-06 03:00:00,BUY,LULU,42.78,5325,2014-11-06 03:00:00
2014-11-07 03:00:00,BUY,DXCM,50.93,4575,2014-11-07 03:00:00
2014-11-10 03:00:00,BUY,NTES,18.616,13149,2014-11-10 03:00:00
2014-11-11 03:00:00,BUY,AAPL,27.425,8999,2014-11-11 03:00:00
2014-11-12 03:00:00,BUY,PEP,97.16,2576,2014-11-12 03:00:00
2014-11-13 03:00:00,BUY,MSFT,49.61,5117,2014-11-13 03:00:00
2014-11-14 03:00:00,BUY,XLNX,43.61,5817,2014-11-14 03:00:00
2014-11-17 03:00:00,BUY,AMD,2.67,94586,2014-11-17 03:00:00
2014-11-18 03:00:00,BUY,EA,42.87,5846,2014-11-18 03:00:00
2014-11-19 03:00:00,BUY,INCY,71.3,3562,2014-11-19 03:00:00
2014-11-20 03:00:00,BUY,ATVI,21.11,12085,2014-11-20 03:00:00
2014-11-21 03:00:00,BUY,FISV,35.03,7303,2014-11-21 03:00:00
2014-11-24 03:00:00,BUY,AEP,56.8,4540,2014-11-24 03:00:00
2014-11-25 03:00:00,BUY,TXN,52.44,4899,2014-11-25 03:00:00
2014-11-26 03:00:00,BUY,KLAC,67.335,3953,2014-11-26 03:00:00
2014-11-28 03:00:00,BUY,CSX,12.16333333333334,22568,2014-11-28 03:00:00
2014-12-01 03:00:00,BUY,JD,21.97,12004,2014-12-01 03:00:00
2014-12-02 03:00:00,BUY,ADBE,73.47,3906,2014-12-02 03:00:00
2014-12-03 03:00:00,BUY,PEP,98.32,2907,2014-12-03 03:00:00
2014-12-04 03:00:00,BUY,CTSH,53.52,5311,2014-12-04 03:00:00
2014-12-05 03:00:00,BUY,SIRI,3.49,80890,2014-12-05 03:00:00
2014-12-08 03:00:00,BUY,ATVI,20.92,13417,2014-12-08 03:00:00
2014-12-09 03:00:00,BUY,TMUS,25.85,10884,2014-12-09 03:00:00
2014-12-10 03:00:00,BUY,ADBE,69.85,3948,2014-12-10 03:00:00
2014-12-11 03:00:00,BUY,INCY,75.92,3627,2014-12-11 03:00:00
2014-12-12 03:00:00,BUY,MNST,35.036667,7728,2014-12-12 03:00:00
2014-12-15 03:00:00,BUY,CDW,33.21,8146,2014-12-15 03:00:00
2014-12-16 03:00:00,BUY,GILD,100.46,2696,2014-12-16 03:00:00
2014-12-17 03:00:00,BUY,NTES,19.548,14127,2014-12-17 03:00:00
2014-12-18 03:00:00,BUY,LULU,53.15,5439,2014-12-18 03:00:00
2014-12-19 03:00:00,BUY,PAYX,46.3,6285,2014-12-19 03:00:00
2014-12-22 03:00:00,BUY,GILD,92.9,3181,2014-12-22 03:00:00
2014-12-23 03:00:00,BUY,CHTR,167.77,1696,2014-12-23 03:00:00
2014-12-24 03:00:00,BUY,MELI,127.84,2222,2014-12-24 03:00:00
2014-12-26 03:00:00,BUY,AAPL,28.4975,10116,2014-12-26 03:00:00
2014-12-29 03:00:00,BUY,MU,35.53,8108,2014-12-29 03:00:00
2014-12-30 03:00:00,BUY,EBAY,24.080535,11920,2014-12-30 03:00:00
2014-12-31 03:00:00,BUY,AMD,2.67,105449,2014-12-31 03:00:00
2015-01-02 03:00:00,BUY,XLNX,43.6,6505,2015-01-02 03:00:00
2015-01-05 03:00:00,BUY,MCHP,21.935,12693,2015-01-05 03:00:00
2015-01-06 03:00:00,BUY,INTU,88.06,3100,2015-01-06 03:00:00
2015-01-07 03:00:00,BUY,CDW,34.7,7922,2015-01-07 03:00:00
2015-01-08 03:00:00,BUY,WDAY,82.78,3404,2015-01-08 03:00:00
2015-01-09 03:00:00,BUY,AMD,2.63,106919,2015-01-09 03:00:00
2015-01-12 03:00:00,BUY,LULU,62.59,4492,2015-01-12 03:00:00
2015-01-13 03:00:00,BUY,IDXX,78.0,3632,2015-01-13 03:00:00
2015-01-14 03:00:00,BUY,AEP,62.76,4642,2015-01-14 03:00:00
2015-01-15 03:00:00,BUY,ADBE,70.29,4171,2015-01-15 03:00:00
2015-01-16 03:00:00,BUY,INTC,36.45,8209,2015-01-16 03:00:00
2015-01-20 03:00:00,BUY,MU,29.67,9986,2015-01-20 03:00:00
2015-01-21 03:00:00,BUY,NFLX,58.468571,5207,2015-01-21 03:00:00
2015-01-22 03:00:00,BUY,COST,124.27,2564,2015-01-22 03:00:00
2015-01-23 03:00:00,BUY,SBUX,44.11,7271,2015-01-23 03:00:00
2015-01-26 03:00:00,BUY,DXCM,62.78,5103,2015-01-26 03:00:00
2015-01-27 03:00:00,BUY,JD,25.34,12550,2015-01-27 03:00:00
2015-01-28 03:00:00,BUY,EA,54.61,5973,2015-01-28 03:00:00
2015-01-29 03:00:00,BUY,MDLZ,35.74,9246,2015-01-29 03:00:00
2015-01-30 03:00:00,BUY,AMZN,354.53,919,2015-01-30 03:00:00
2015-02-02 03:00:00,BUY,PAYX,45.96,7288,2015-02-02 03:00:00
2015-02-03 03:00:00,BUY,ATVI,21.66,15785,2015-02-03 03:00:00
2015-02-04 03:00:00,BUY,CTSH,57.88,5869,2015-02-04 03:00:00
2015-02-05 03:00:00,BUY,EA,56.39,5998,2015-02-05 03:00:00
2015-02-06 03:00:00,BUY,BIDU,211.78,1561,2015-02-06 03:00:00
2015-02-09 03:00:00,BUY,AMAT,23.51,14285,2015-02-09 03:00:00
2015-02-10 03:00:00,BUY,SGEN,32.45,10688,2015-02-10 03:00:00
2015-02-11 03:00:00,BUY,CDW,35.99,9218,2015-02-11 03:00:00
2015-02-12 03:00:00,BUY,TSLA,40.576,8269,2015-02-12 03:00:00
2015-02-13 03:00:00,BUY,SIRI,3.83,87997,2015-02-13 03:00:00
2015-02-17 03:00:00,BUY,AMZN,375.43,911,2015-02-17 03:00:00
2015-02-18 03:00:00,BUY,TMUS,31.0,10981,2015-02-18 03:00:00
2015-02-19 03:00:00,BUY,CDW,37.79,9255,2015-02-19 03:00:00
2015-02-20 03:00:00,BUY,FAST,20.9825,16651,2015-02-20 03:00:00
2015-02-23 03:00:00,BUY,KLAC,64.475,5346,2015-02-23 03:00:00
2015-02-24 03:00:00,BUY,CERN,72.78,4869,2015-02-24 03:00:00
2015-02-25 03:00:00,BUY,MDLZ,36.66,9654,2015-02-25 03:00:00
2015-02-26 03:00:00,BUY,MELI,131.01,2706,2015-02-26 03:00:00
2015-02-27 03:00:00,BUY,CTAS,83.48,4245,2015-02-27 03:00:00
2015-03-02 03:00:00,BUY,QCOM,72.655,4938,2015-03-02 03:00:00
2015-03-03 03:00:00,BUY,QCOM,71.405,4938,2015-03-03 03:00:00
2015-03-04 03:00:00,BUY,DXCM,59.88,5842,2015-03-04 03:00:00
2015-03-05 03:00:00,BUY,CMCSA,30.1625,11728,2015-03-05 03:00:00
2015-03-06 03:00:00,BUY,MDLZ,35.22,10051,2015-03-06 03:00:00
2015-03-09 02:00:00,BUY,TCOM,23.3,15280,2015-03-09 02:00:00
2015-03-10 02:00:00,BUY,CMCSA,29.35,11698,2015-03-10 02:00:00
2015-03-11 02:00:00,BUY,DLTR,78.83,4308,2015-03-11 02:00:00
2015-03-12 02:00:00,BUY,NTES,18.966,18374,2015-03-12 02:00:00
2015-03-13 02:00:00,BUY,ALGN,55.98,6284,2015-03-13 02:00:00
2015-03-16 02:00:00,BUY,NFLX,60.281429,5873,2015-03-16 02:00:00
2015-03-17 02:00:00,BUY,EA,54.17,6482,2015-03-17 02:00:00
2015-03-18 02:00:00,BUY,ADBE,76.89,4689,2015-03-18 02:00:00
2015-03-19 02:00:00,BUY,ATVI,23.15,15626,2015-03-19 02:00:00
2015-03-20 02:00:00,BUY,VRTX,131.0,2793,2015-03-20 02:00:00
2015-03-23 02:00:00,BUY,SIRI,3.91,89876,2015-03-23 02:00:00
2015-03-24 02:00:00,BUY,AVGO,133.12,2646,2015-03-24 02:00:00
2015-03-25 02:00:00,BUY,MRVL,14.87,22146,2015-03-25 02:00:00
2015-03-26 02:00:00,BUY,WBA,84.44,3923,2015-03-26 02:00:00
2015-03-27 02:00:00,BUY,TSLA,37.0,9044,2015-03-27 02:00:00
2015-03-30 02:00:00,BUY,JD,29.75,11587,2015-03-30 02:00:00
2015-03-31 02:00:00,BUY,GILD,98.13,3469,2015-03-31 02:00:00
2015-04-01 02:00:00,BUY,ILMN,182.21,1860,2015-04-01 02:00:00
2015-04-02 02:00:00,BUY,MU,26.725,12741,2015-04-02 02:00:00
2015-04-06 02:00:00,BUY,VRSK,72.06,4849,2015-04-06 02:00:00
2015-04-07 02:00:00,BUY,SWKS,96.78,3594,2015-04-07 02:00:00
2015-04-08 02:00:00,BUY,CSX,11.08333333333333,31607,2015-04-08 02:00:00
2015-04-09 02:00:00,BUY,TXN,57.78,6161,2015-04-09 02:00:00
2015-04-10 02:00:00,BUY,LULU,68.86,5162,2015-04-10 02:00:00
2015-04-13 02:00:00,BUY,FB,83.01,4241,2015-04-13 02:00:00
2015-04-14 02:00:00,BUY,AMD,2.67,132677,2015-04-14 02:00:00
2015-04-15 02:00:00,BUY,ASML,96.14,3726,2015-04-15 02:00:00
2015-04-16 02:00:00,BUY,WBA,89.52,3959,2015-04-16 02:00:00
2015-04-17 02:00:00,BUY,ALGN,53.375,6450,2015-04-17 02:00:00
2015-04-20 02:00:00,BUY,ORLY,217.15,1610,2015-04-20 02:00:00
2015-04-21 02:00:00,BUY,LRCX,77.84,4490,2015-04-21 02:00:00
2015-04-22 02:00:00,BUY,ASML,107.81,3263,2015-04-22 02:00:00
2015-04-23 02:00:00,BUY,ORLY,228.31,1553,2015-04-23 02:00:00
2015-04-24 02:00:00,BUY,AMZN,445.1,800,2015-04-24 02:00:00
2015-04-27 02:00:00,BUY,NFLX,80.868571,4341,2015-04-27 02:00:00
2015-04-28 02:00:00,BUY,MRVL,14.115,24742,2015-04-28 02:00:00
2015-04-29 02:00:00,BUY,MDLZ,38.7,8988,2015-04-29 02:00:00
2015-04-30 02:00:00,BUY,PEP,95.12,3626,2015-04-30 02:00:00
2015-05-01 02:00:00,BUY,ATVI,23.05,15032,2015-05-01 02:00:00
2015-05-04 02:00:00,BUY,EXC,34.81,10014,2015-05-04 02:00:00
2015-05-05 02:00:00,BUY,NFLX,80.792857,4216,2015-05-05 02:00:00
2015-05-06 02:00:00,BUY,SGEN,37.27,9060,2015-05-06 02:00:00
2015-05-07 02:00:00,BUY,AMZN,426.88,807,2015-05-07 02:00:00
2015-05-08 02:00:00,BUY,ADBE,76.31,4588,2015-05-08 02:00:00
2015-05-11 02:00:00,BUY,MU,27.75,12696,2015-05-11 02:00:00
2015-05-12 02:00:00,BUY,CHKP,86.01,3966,2015-05-12 02:00:00
2015-05-13 02:00:00,BUY,TMUS,33.93,10158,2015-05-13 02:00:00
2015-05-14 02:00:00,BUY,AMD,2.33,148588,2015-05-14 02:00:00
2015-05-15 02:00:00,BUY,CHKP,86.86,3968,2015-05-15 02:00:00
2015-05-18 02:00:00,BUY,SPLK,67.03,5133,2015-05-18 02:00:00
2015-05-19 02:00:00,BUY,MRVL,14.16,24632,2015-05-19 02:00:00
2015-05-20 02:00:00,BUY,ISRG,54.7077766666667,6366,2015-05-20 02:00:00
2015-05-21 02:00:00,BUY,XEL,34.51,10145,2015-05-21 02:00:00
2015-05-22 02:00:00,BUY,MRVL,13.14,26607,2015-05-22 02:00:00
2015-05-26 02:00:00,BUY,MAR,78.71,4543,2015-05-26 02:00:00
2015-05-27 02:00:00,BUY,WDAY,82.0,4388,2015-05-27 02:00:00
2015-05-28 02:00:00,BUY,SIRI,3.8,92545,2015-05-28 02:00:00
2015-05-29 02:00:00,BUY,FAST,20.355,17549,2015-05-29 02:00:00
2015-06-01 02:00:00,BUY,MDLZ,40.69,8815,2015-06-01 02:00:00
2015-06-02 02:00:00,BUY,XEL,33.4,10769,2015-06-02 02:00:00
2015-06-03 02:00:00,BUY,WBA,85.82,4120,2015-06-03 02:00:00
2015-06-04 02:00:00,BUY,CSCO,28.61,12279,2015-06-04 02:00:00
2015-06-05 02:00:00,BUY,FOX,33.11,10599,2015-06-05 02:00:00
2015-06-08 02:00:00,BUY,BIDU,203.15,1721,2015-06-08 02:00:00
2015-06-09 02:00:00,BUY,SGEN,46.41,7514,2015-06-09 02:00:00
2015-06-10 02:00:00,BUY,TSLA,50.14,6961,2015-06-10 02:00:00
2015-06-11 02:00:00,BUY,MELI,141.43,2475,2015-06-11 02:00:00
2015-06-12 02:00:00,BUY,ROST,48.53,7326,2015-06-12 02:00:00
2015-06-15 02:00:00,BUY,ATVI,24.54,14537,2015-06-15 02:00:00
2015-06-16 02:00:00,BUY,WDAY,78.99,4553,2015-06-16 02:00:00
2015-06-17 02:00:00,BUY,ALGN,62.29,5781,2015-06-17 02:00:00
2015-06-18 02:00:00,BUY,LULU,66.61,5394,2015-06-18 02:00:00
2015-06-19 02:00:00,BUY,TCOM,35.82,9938,2015-06-19 02:00:00
2015-06-22 02:00:00,BUY,NTES,28.978,12664,2015-06-22 02:00:00
2015-06-23 02:00:00,BUY,TXN,54.83,6947,2015-06-23 02:00:00
2015-06-24 02:00:00,BUY,FOX,32.52,11534,2015-06-24 02:00:00
2015-06-25 02:00:00,BUY,PCAR,57.83,6504,2015-06-25 02:00:00
2015-06-26 02:00:00,BUY,MU,19.66,19293,2015-06-26 02:00:00
2015-06-29 02:00:00,BUY,IDXX,63.52,5689,2015-06-29 02:00:00
2015-06-30 02:00:00,BUY,CHKP,79.55,4587,2015-06-30 02:00:00
2015-07-01 02:00:00,BUY,IDXX,63.13,5828,2015-07-01 02:00:00
2015-07-02 02:00:00,BUY,AEP,54.23,6706,2015-07-02 02:00:00
2015-07-06 02:00:00,BUY,WDAY,76.68,4769,2015-07-06 02:00:00
2015-07-07 02:00:00,BUY,PYPL,36.62,10112,2015-07-07 02:00:00
2015-07-08 02:00:00,BUY,PYPL,34.7,10112,2015-07-08 02:00:00
2015-07-09 02:00:00,BUY,MSFT,44.52,7836,2015-07-09 02:00:00
2015-07-10 02:00:00,BUY,AEP,55.56,6291,2015-07-10 02:00:00
2015-07-13 02:00:00,BUY,CHKP,79.94,4355,2015-07-13 02:00:00
2015-07-14 02:00:00,BUY,MU,19.61,17796,2015-07-14 02:00:00
2015-07-15 02:00:00,BUY,TMUS,39.05,8608,2015-07-15 02:00:00
2015-07-16 02:00:00,BUY,LRCX,77.35,4298,2015-07-16 02:00:00
2015-07-17 02:00:00,BUY,CTSH,60.59,5480,2015-07-17 02:00:00
2015-07-20 02:00:00,BUY,SGEN,50.69,6540,2015-07-20 02:00:00
2015-07-21 02:00:00,BUY,VRSK,73.8,4531,2015-07-21 02:00:00
2015-07-22 02:00:00,BUY,ADI,58.65,5748,2015-07-22 02:00:00
2015-07-23 02:00:00,BUY,CMCSA,31.235,11052,2015-07-23 02:00:00
2015-07-24 02:00:00,BUY,GILD,112.83,3044,2015-07-24 02:00:00
2015-07-27 02:00:00,BUY,NTES,27.716,12144,2015-07-27 02:00:00
2015-07-28 02:00:00,BUY,BIDU,168.03,2030,2015-07-28 02:00:00
2015-07-29 02:00:00,BUY,CHKP,81.35,4242,2015-07-29 02:00:00
2015-07-30 02:00:00,BUY,MAR,72.64,4677,2015-07-30 02:00:00
2015-07-31 02:00:00,BUY,MRVL,12.44,27301,2015-07-31 02:00:00
2015-08-03 02:00:00,BUY,ASML,98.14,3471,2015-08-03 02:00:00
2015-08-04 02:00:00,BUY,MNST,50.573333,6644,2015-08-04 02:00:00
2015-08-05 02:00:00,BUY,ANSS,94.02,3627,2015-08-05 02:00:00
2015-08-06 02:00:00,BUY,SBUX,57.23,5892,2015-08-06 02:00:00
2015-08-07 02:00:00,BUY,MDLZ,46.11,7309,2015-08-07 02:00:00
2015-08-10 02:00:00,BUY,AMD,1.93,175778,2015-08-10 02:00:00
2015-08-11 02:00:00,BUY,GOOG,660.78,505,2015-08-11 02:00:00
2015-08-12 02:00:00,BUY,REGN,579.25,575,2015-08-12 02:00:00
2015-08-13 02:00:00,BUY,NFLX,123.73,2670,2015-08-13 02:00:00
2015-08-14 02:00:00,BUY,CERN,64.25,5128,2015-08-14 02:00:00
2015-08-17 02:00:00,BUY,DXCM,98.11,3373,2015-08-17 02:00:00
2015-08-18 02:00:00,BUY,SWKS,85.7,3805,2015-08-18 02:00:00
2015-08-19 02:00:00,BUY,PAYX,48.01,6913,2015-08-19 02:00:00
2015-08-20 02:00:00,BUY,SNPS,48.6,6728,2015-08-20 02:00:00
2015-08-21 02:00:00,BUY,KHC,72.27,4424,2015-08-21 02:00:00
2015-08-24 02:00:00,BUY,CSCO,25.19,12447,2015-08-24 02:00:00
2015-08-25 02:00:00,BUY,EXC,30.4,10080,2015-08-25 02:00:00
2015-08-26 02:00:00,BUY,NTES,22.286,14221,2015-08-26 02:00:00
2015-08-27 02:00:00,BUY,DLTR,76.79,4476,2015-08-27 02:00:00
2015-08-28 02:00:00,BUY,SWKS,88.62,3875,2015-08-28 02:00:00
2015-08-31 02:00:00,BUY,SGEN,40.27,8407,2015-08-31 02:00:00
2015-09-01 02:00:00,BUY,DXCM,87.82,3764,2015-09-01 02:00:00
2015-09-02 02:00:00,BUY,DLTR,67.59,4977,2015-09-02 02:00:00
2015-09-03 02:00:00,BUY,INCY,116.07,2873,2015-09-03 02:00:00
2015-09-04 02:00:00,BUY,JD,22.81,14595,2015-09-04 02:00:00
2015-09-08 02:00:00,BUY,LULU,65.89,5305,2015-09-08 02:00:00
2015-09-09 02:00:00,BUY,MU,16.96,20035,2015-09-09 02:00:00
2015-09-10 02:00:00,BUY,LULU,53.54,6436,2015-09-10 02:00:00
2015-09-11 02:00:00,BUY,MRVL,8.84,39325,2015-09-11 02:00:00
2015-09-14 02:00:00,BUY,TCOM,32.945,10289,2015-09-14 02:00:00
2015-09-15 02:00:00,BUY,MAR,72.24,4765,2015-09-15 02:00:00
2015-09-16 02:00:00,BUY,VRTX,133.66,2595,2015-09-16 02:00:00
2015-09-17 02:00:00,BUY,INTU,85.77,4090,2015-09-17 02:00:00
2015-09-18 02:00:00,BUY,EXC,30.91,11314,2015-09-18 02:00:00
2015-09-21 02:00:00,BUY,REGN,529.38,652,2015-09-21 02:00:00
2015-09-22 02:00:00,BUY,FB,92.96,3720,2015-09-22 02:00:00
2015-09-23 02:00:00,BUY,CHTR,191.38,1826,2015-09-23 02:00:00
2015-09-24 02:00:00,BUY,ADBE,83.91,4025,2015-09-24 02:00:00
2015-09-25 02:00:00,BUY,IDXX,74.54,4489,2015-09-25 02:00:00
2015-09-28 02:00:00,BUY,WDAY,70.55,4610,2015-09-28 02:00:00
2015-09-29 02:00:00,BUY,AAPL,27.265,11956,2015-09-29 02:00:00
2015-09-30 02:00:00,BUY,ADSK,44.14,7469,2015-09-30 02:00:00
2015-10-01 02:00:00,BUY,AEP,56.14,5739,2015-10-01 02:00:00
2015-10-02 02:00:00,BUY,PAYX,47.77,6767,2015-10-02 02:00:00
2015-10-05 02:00:00,BUY,CHKP,82.36,3999,2015-10-05 02:00:00
2015-10-06 02:00:00,BUY,MRVL,9.48,33909,2015-10-06 02:00:00
2015-10-07 02:00:00,BUY,LULU,54.0,5959,2015-10-07 02:00:00
2015-10-08 02:00:00,BUY,NXPI,86.49,3735,2015-10-08 02:00:00
2015-10-09 02:00:00,BUY,ADSK,51.57,6324,2015-10-09 02:00:00
2015-10-12 02:00:00,BUY,EA,68.11,4786,2015-10-12 02:00:00
2015-10-13 02:00:00,BUY,TSLA,43.85,7468,2015-10-13 02:00:00
2015-10-14 02:00:00,BUY,ADI,60.99,5311,2015-10-14 02:00:00
2015-10-15 02:00:00,BUY,CMCSA,30.505,10670,2015-10-15 02:00:00
2015-10-16 02:00:00,BUY,MDLZ,45.85,7135,2015-10-16 02:00:00
2015-10-19 02:00:00,BUY,VRSN,75.5,4387,2015-10-19 02:00:00
2015-10-20 02:00:00,BUY,SIRI,4.015,82815,2015-10-20 02:00:00
2015-10-21 02:00:00,BUY,KLAC,63.98,5061,2015-10-21 02:00:00
2015-10-22 02:00:00,BUY,EBAY,27.58,11909,2015-10-22 02:00:00
2015-10-23 02:00:00,BUY,DLTR,62.53,5363,2015-10-23 02:00:00
2015-10-26 02:00:00,BUY,AVGO,123.61,2763,2015-10-26 02:00:00
2015-10-27 02:00:00,BUY,WBA,95.16,3527,2015-10-27 02:00:00
2015-10-28 02:00:00,BUY,VRSK,72.66,4124,2015-10-28 02:00:00
2015-10-29 02:00:00,BUY,NXPI,73.0,3969,2015-10-29 02:00:00
2015-10-30 02:00:00,BUY,FB,101.97,3049,2015-10-30 02:00:00
2015-11-02 03:00:00,BUY,KLAC,66.55,4734,2015-11-02 03:00:00
2015-11-03 03:00:00,BUY,FISV,47.82,6584,2015-11-03 03:00:00
2015-11-04 03:00:00,BUY,FOX,29.9,10541,2015-11-04 03:00:00
2015-11-05 03:00:00,BUY,SPLK,55.35,5690,2015-11-05 03:00:00
2015-11-06 03:00:00,BUY,XEL,34.86,9822,2015-11-06 03:00:00
2015-11-09 03:00:00,BUY,BKNG,1311.15,262,2015-11-09 03:00:00
2015-11-10 03:00:00,BUY,AAPL,29.1925,11890,2015-11-10 03:00:00
2015-11-11 03:00:00,BUY,IDXX,69.74,4949,2015-11-11 03:00:00
2015-11-12 03:00:00,BUY,AMGN,150.98,2203,2015-11-12 03:00:00
2015-11-13 03:00:00,BUY,CHTR,186.48,1790,2015-11-13 03:00:00
2015-11-16 03:00:00,BUY,BKNG,1266.87,262,2015-11-16 03:00:00
2015-11-17 03:00:00,BUY,TCOM,46.285,7137,2015-11-17 03:00:00
2015-11-18 03:00:00,BUY,QCOM,48.0,7068,2015-11-18 03:00:00
2015-11-19 03:00:00,BUY,VRTX,130.08,2629,2015-11-19 03:00:00
2015-11-20 03:00:00,BUY,SNPS,48.23,7117,2015-11-20 03:00:00
2015-11-23 03:00:00,BUY,NTES,32.974,10684,2015-11-23 03:00:00
2015-11-24 03:00:00,BUY,MAR,70.98,4966,2015-11-24 03:00:00
2015-11-25 03:00:00,BUY,MSFT,53.69,6645,2015-11-25 03:00:00
2015-11-27 03:00:00,BUY,NTES,32.802,10926,2015-11-27 03:00:00
2015-11-30 03:00:00,BUY,DXCM,85.02,4283,2015-11-30 03:00:00
2015-12-01 03:00:00,BUY,PCAR,45.09,8186,2015-12-01 03:00:00
2015-12-02 03:00:00,BUY,FAST,19.67,18624,2015-12-02 03:00:00
2015-12-03 03:00:00,BUY,DLTR,74.09,4856,2015-12-03 03:00:00
2015-12-04 03:00:00,BUY,EXC,26.71,14044,2015-12-04 03:00:00
2015-12-07 03:00:00,BUY,ADSK,63.75,5895,2015-12-07 03:00:00
2015-12-08 03:00:00,BUY,QCOM,49.48,7620,2015-12-08 03:00:00
2015-12-09 03:00:00,BUY,COST,142.72,2594,2015-12-09 03:00:00
2015-12-10 03:00:00,BUY,AEP,54.88,6848,2015-12-10 03:00:00
2015-12-11 03:00:00,BUY,ASML,87.28,4280,2015-12-11 03:00:00
2015-12-14 03:00:00,BUY,SGEN,38.96,9500,2015-12-14 03:00:00
2015-12-15 03:00:00,BUY,DXCM,79.18,4819,2015-12-15 03:00:00
2015-12-16 03:00:00,BUY,PCAR,40.22,9828,2015-12-16 03:00:00
2015-12-17 03:00:00,BUY,ADBE,94.2,4062,2015-12-17 03:00:00
2015-12-18 03:00:00,BUY,XEL,35.6,10421,2015-12-18 03:00:00
2015-12-21 03:00:00,BUY,JD,32.5,11354,2015-12-21 03:00:00
2015-12-22 03:00:00,BUY,INCY,108.99,3388,2015-12-22 03:00:00
2015-12-23 03:00:00,BUY,TEAM,28.49,13146,2015-12-23 03:00:00
2015-12-24 03:00:00,BUY,EXC,27.75,13364,2015-12-24 03:00:00
2015-12-28 03:00:00,BUY,JD,31.89,11633,2015-12-28 03:00:00
2015-12-29 03:00:00,BUY,LULU,52.37,7252,2015-12-29 03:00:00
2015-12-30 03:00:00,BUY,CMCSA,28.355,13196,2015-12-30 03:00:00
2015-12-31 03:00:00,BUY,AEP,58.27,6389,2015-12-31 03:00:00
2016-01-04 03:00:00,BUY,LULU,55.86,6672,2016-01-04 03:00:00
2016-01-05 03:00:00,BUY,TCOM,47.69,7777,2016-01-05 03:00:00
2016-01-06 03:00:00,BUY,NFLX,117.68,3165,2016-01-06 03:00:00
2016-01-07 03:00:00,BUY,WBA,81.17,4467,2016-01-07 03:00:00
2016-01-08 03:00:00,BUY,AVGO,128.2,2824,2016-01-08 03:00:00
2016-01-11 03:00:00,BUY,ATVI,36.21,9986,2016-01-11 03:00:00
2016-01-12 03:00:00,BUY,TSLA,41.994,8827,2016-01-12 03:00:00
2016-01-13 03:00:00,BUY,ISRG,60.57111,5838,2016-01-13 03:00:00
2016-01-14 03:00:00,BUY,REGN,479.08,752,2016-01-14 03:00:00
2016-01-15 03:00:00,BUY,EA,66.06,5274,2016-01-15 03:00:00
2016-01-19 03:00:00,BUY,PEP,95.77,3710,2016-01-19 03:00:00
2016-01-20 03:00:00,BUY,WDAY,67.49,5154,2016-01-20 03:00:00
2016-01-21 03:00:00,BUY,XLNX,46.78,7559,2016-01-21 03:00:00
2016-01-22 03:00:00,BUY,VRSK,71.14,5070,2016-01-22 03:00:00
2016-01-25 03:00:00,BUY,ORLY,243.89,1454,2016-01-25 03:00:00
2016-01-26 03:00:00,BUY,ALGN,62.21,5840,2016-01-26 03:00:00
2016-01-27 03:00:00,BUY,VRTX,92.5,3878,2016-01-27 03:00:00
2016-01-28 03:00:00,BUY,PYPL,34.24,10506,2016-01-28 03:00:00
2016-01-29 03:00:00,BUY,IDXX,70.14,5413,2016-01-29 03:00:00
2016-02-01 03:00:00,BUY,MNST,45.81,8437,2016-02-01 03:00:00
2016-02-02 03:00:00,BUY,TEAM,21.34,17940,2016-02-02 03:00:00
2016-02-03 03:00:00,BUY,EXC,31.61,13490,2016-02-03 03:00:00
2016-02-04 03:00:00,BUY,FAST,21.365,20363,2016-02-04 03:00:00
2016-02-05 03:00:00,BUY,COST,126.99,3404,2016-02-05 03:00:00
2016-02-08 03:00:00,BUY,ILMN,135.37,3269,2016-02-08 03:00:00
2016-02-09 03:00:00,BUY,KHC,71.51,6378,2016-02-09 03:00:00
2016-02-10 03:00:00,BUY,VRTX,81.73,5627,2016-02-10 03:00:00
2016-02-11 03:00:00,BUY,CSCO,24.68,18175,2016-02-11 03:00:00
2016-02-12 03:00:00,BUY,MRVL,8.61,53005,2016-02-12 03:00:00
2016-02-16 03:00:00,BUY,AAPL,24.16,20008,2016-02-16 03:00:00
2016-02-17 03:00:00,BUY,BKNG,1235.56,397,2016-02-17 03:00:00
2016-02-18 03:00:00,BUY,XEL,39.64,12545,2016-02-18 03:00:00
2016-02-19 03:00:00,BUY,AMAT,18.38,26846,2016-02-19 03:00:00
2016-02-22 03:00:00,BUY,EA,63.27,7887,2016-02-22 03:00:00
2016-02-23 03:00:00,BUY,MDLZ,40.07,12110,2016-02-23 03:00:00
2016-02-24 03:00:00,BUY,VRSK,71.65,6889,2016-02-24 03:00:00
2016-02-25 03:00:00,BUY,KHC,74.96,6791,2016-02-25 03:00:00
2016-02-26 03:00:00,BUY,ADSK,51.19,10327,2016-02-26 03:00:00
2016-02-29 03:00:00,BUY,LULU,62.73,8518,2016-02-29 03:00:00
2016-03-01 03:00:00,BUY,TSLA,37.27,14339,2016-03-01 03:00:00
2016-03-02 03:00:00,BUY,SPLK,44.97,12011,2016-03-02 03:00:00
2016-03-03 03:00:00,BUY,JD,25.59,21657,2016-03-03 03:00:00
2016-03-04 03:00:00,BUY,MTCH,9.52,60239,2016-03-04 03:00:00
2016-03-07 03:00:00,BUY,SIRI,3.9,154460,2016-03-07 03:00:00
2016-03-08 03:00:00,BUY,PYPL,38.16,15684,2016-03-08 03:00:00
2016-03-09 03:00:00,BUY,ROST,56.58,10692,2016-03-09 03:00:00
2016-03-10 03:00:00,BUY,AEP,64.13,9538,2016-03-10 03:00:00
2016-03-11 03:00:00,BUY,XEL,40.38,15172,2016-03-11 03:00:00
2016-03-14 02:00:00,BUY,PEP,100.65,6093,2016-03-14 02:00:00
2016-03-15 02:00:00,BUY,SGEN,31.75,19411,2016-03-15 02:00:00
2016-03-16 02:00:00,BUY,IDXX,74.36,8489,2016-03-16 02:00:00
2016-03-17 02:00:00,BUY,EA,64.67,9795,2016-03-17 02:00:00
2016-03-18 02:00:00,BUY,MSFT,53.49,11778,2016-03-18 02:00:00
2016-03-21 02:00:00,BUY,FISV,50.21,12634,2016-03-21 02:00:00
2016-03-22 02:00:00,BUY,TSLA,46.848,13474,2016-03-22 02:00:00
2016-03-23 02:00:00,BUY,CTAS,86.28,6951,2016-03-23 02:00:00
2016-03-24 02:00:00,BUY,CHTR,198.34,3067,2016-03-24 02:00:00
2016-03-28 02:00:00,BUY,MSFT,53.54,11351,2016-03-28 02:00:00
2016-03-29 02:00:00,BUY,SWKS,76.47,8121,2016-03-29 02:00:00
2016-03-30 02:00:00,BUY,PAYX,53.29,11864,2016-03-30 02:00:00
2016-03-31 02:00:00,BUY,SIRI,3.95,162224,2016-03-31 02:00:00
2016-04-01 02:00:00,BUY,MRVL,9.94,64628,2016-04-01 02:00:00
2016-04-04 02:00:00,BUY,FAST,23.285,26700,2016-04-04 02:00:00
2016-04-05 02:00:00,BUY,INTU,103.9,5985,2016-04-05 02:00:00
2016-04-06 02:00:00,BUY,LULU,65.74,9571,2016-04-06 02:00:00
2016-04-07 02:00:00,BUY,TSLA,51.44,12092,2016-04-07 02:00:00
2016-04-08 02:00:00,BUY,LULU,63.75,9487,2016-04-08 02:00:00
2016-04-11 02:00:00,BUY,LULU,61.23,9487,2016-04-11 02:00:00
2016-04-12 02:00:00,BUY,FAST,22.27,26373,2016-04-12 02:00:00
2016-04-13 02:00:00,BUY,EXC,34.76,17079,2016-04-13 02:00:00
2016-04-14 02:00:00,BUY,INTC,31.8,18765,2016-04-14 02:00:00
2016-04-15 02:00:00,BUY,TMUS,39.29,15025,2016-04-15 02:00:00
2016-04-18 02:00:00,BUY,CERN,58.08,10154,2016-04-18 02:00:00
2016-04-19 02:00:00,BUY,MNST,43.103333,13673,2016-04-19 02:00:00
2016-04-20 02:00:00,BUY,ISRG,71.6177766666667,8062,2016-04-20 02:00:00
2016-04-21 02:00:00,BUY,GILD,101.74,5652,2016-04-21 02:00:00
2016-04-22 02:00:00,BUY,AMD,3.99,144391,2016-04-22 02:00:00
2016-04-25 02:00:00,BUY,CDW,40.17,12401,2016-04-25 02:00:00
2016-04-26 02:00:00,BUY,JD,25.07,20191,2016-04-26 02:00:00
2016-04-27 02:00:00,BUY,DXCM,68.41,7479,2016-04-27 02:00:00
2016-04-28 02:00:00,BUY,ORLY,265.03,1861,2016-04-28 02:00:00
2016-04-29 02:00:00,BUY,VRSN,86.4,5659,2016-04-29 02:00:00
2016-05-02 02:00:00,BUY,BIDU,178.91,2787,2016-05-02 02:00:00
2016-05-03 02:00:00,BUY,WDAY,72.4,6713,2016-05-03 02:00:00
2016-05-04 02:00:00,BUY,PCAR,49.39,9687,2016-05-04 02:00:00
2016-05-05 02:00:00,BUY,ANSS,83.76,5680,2016-05-05 02:00:00
2016-05-06 02:00:00,BUY,WBA,79.43,6050,2016-05-06 02:00:00
2016-05-09 02:00:00,BUY,JD,23.43,20889,2016-05-09 02:00:00
2016-05-10 02:00:00,BUY,DLTR,81.69,6078,2016-05-10 02:00:00
2016-05-11 02:00:00,BUY,VRTX,83.63,5744,2016-05-11 02:00:00
2016-05-12 02:00:00,BUY,AMAT,19.63,24023,2016-05-12 02:00:00
2016-05-13 02:00:00,BUY,ISRG,69.8677766666667,6742,2016-05-13 02:00:00
2016-05-16 02:00:00,BUY,BIDU,167.96,2833,2016-05-16 02:00:00
2016-05-17 02:00:00,BUY,TMUS,40.72,11902,2016-05-17 02:00:00
2016-05-18 02:00:00,BUY,LRCX,73.97,6545,2016-05-18 02:00:00
2016-05-19 02:00:00,BUY,EXC,34.18,14041,2016-05-19 02:00:00
2016-05-20 02:00:00,BUY,AMAT,22.66,21235,2016-05-20 02:00:00
2016-05-23 02:00:00,BUY,ADSK,56.96,8537,2016-05-23 02:00:00
2016-05-24 02:00:00,BUY,MDLZ,44.15,11304,2016-05-24 02:00:00
2016-05-25 02:00:00,BUY,CSX,8.61,58059,2016-05-25 02:00:00
2016-05-26 02:00:00,BUY,DLTR,88.37,5645,2016-05-26 02:00:00
2016-05-27 02:00:00,BUY,SPLK,56.34,8912,2016-05-27 02:00:00
2016-05-31 02:00:00,BUY,CDW,42.56,12030,2016-05-31 02:00:00
2016-06-01 02:00:00,BUY,TEAM,23.93,21422,2016-06-01 02:00:00
2016-06-02 02:00:00,BUY,PCAR,49.75,10743,2016-06-02 02:00:00
2016-06-03 02:00:00,BUY,AVGO,162.56,3198,2016-06-03 02:00:00
2016-06-06 02:00:00,BUY,SBUX,55.59,9370,2016-06-06 02:00:00
2016-06-07 02:00:00,BUY,MCHP,26.405,19623,2016-06-07 02:00:00
2016-06-08 02:00:00,BUY,GOOG,728.28,713,2016-06-08 02:00:00
2016-06-09 02:00:00,BUY,NVDA,11.845,43912,2016-06-09 02:00:00
2016-06-10 02:00:00,BUY,WBA,82.47,6149,2016-06-10 02:00:00
2016-06-13 02:00:00,BUY,WDAY,78.89,6576,2016-06-13 02:00:00
2016-06-14 02:00:00,BUY,PYPL,37.16,14308,2016-06-14 02:00:00
2016-06-15 02:00:00,BUY,ILMN,136.73,3855,2016-06-15 02:00:00
2016-06-16 02:00:00,BUY,PEP,103.85,5061,2016-06-16 02:00:00
2016-06-17 02:00:00,BUY,CSX,8.91666666666667,58698,2016-06-17 02:00:00
2016-06-20 02:00:00,BUY,EBAY,24.57,21501,2016-06-20 02:00:00
2016-06-21 02:00:00,BUY,CERN,54.81,9689,2016-06-21 02:00:00
2016-06-22 02:00:00,BUY,ALGN,80.42,6660,2016-06-22 02:00:00
2016-06-23 02:00:00,BUY,COST,140.03,3891,2016-06-23 02:00:00
2016-06-24 02:00:00,BUY,GOOG,675.22,798,2016-06-24 02:00:00
2016-06-27 02:00:00,BUY,DXCM,75.91,7030,2016-06-27 02:00:00
2016-06-28 02:00:00,BUY,XEL,43.75,12540,2016-06-28 02:00:00
2016-06-29 02:00:00,BUY,AEP,68.72,8002,2016-06-29 02:00:00
2016-06-30 02:00:00,BUY,ORLY,271.1,2068,2016-06-30 02:00:00
2016-07-01 02:00:00,BUY,ROST,56.35,10068,2016-07-01 02:00:00
2016-07-05 02:00:00,BUY,FOX,26.88,21110,2016-07-05 02:00:00
2016-07-06 02:00:00,BUY,NFLX,94.6,6051,2016-07-06 02:00:00
2016-07-07 02:00:00,BUY,XEL,44.32,12985,2016-07-07 02:00:00
2016-07-08 02:00:00,BUY,SBUX,56.51,10246,2016-07-08 02:00:00
2016-07-11 02:00:00,BUY,INTU,115.63,4990,2016-07-11 02:00:00
2016-07-12 02:00:00,BUY,FAST,21.495,27012,2016-07-12 02:00:00
2016-07-13 02:00:00,BUY,MELI,149.27,3845,2016-07-13 02:00:00
2016-07-14 02:00:00,BUY,EXC,36.39,15768,2016-07-14 02:00:00
2016-07-15 02:00:00,BUY,PYPL,39.09,14720,2016-07-15 02:00:00
2016-07-18 02:00:00,BUY,MNST,51.846667,11049,2016-07-18 02:00:00
2016-07-19 02:00:00,BUY,NFLX,85.84,6752,2016-07-19 02:00:00
2016-07-20 02:00:00,BUY,FOX,27.8,21353,2016-07-20 02:00:00
2016-07-21 02:00:00,BUY,ADBE,96.34,6144,2016-07-21 02:00:00
2016-07-22 02:00:00,BUY,SWKS,64.81,9296,2016-07-22 02:00:00
2016-07-25 02:00:00,BUY,LULU,77.58,7781,2016-07-25 02:00:00
2016-07-26 02:00:00,BUY,CDNS,24.26,24755,2016-07-26 02:00:00
2016-07-27 02:00:00,BUY,MAR,70.54,8485,2016-07-27 02:00:00
2016-07-28 02:00:00,BUY,AMAT,26.62,22802,2016-07-28 02:00:00
2016-07-29 02:00:00,BUY,BKNG,1350.81,443,2016-07-29 02:00:00
2016-08-01 02:00:00,BUY,CTSH,58.45,10296,2016-08-01 02:00:00
2016-08-02 02:00:00,BUY,IDXX,105.88,5625,2016-08-02 02:00:00
2016-08-03 02:00:00,BUY,CERN,66.3,9161,2016-08-03 02:00:00
2016-08-04 02:00:00,BUY,ASML,110.09,5517,2016-08-04 02:00:00
2016-08-05 02:00:00,BUY,MELI,172.98,3495,2016-08-05 02:00:00
2016-08-08 02:00:00,BUY,CTSH,58.31,10414,2016-08-08 02:00:00
2016-08-09 02:00:00,BUY,MCHP,30.315,19812,2016-08-09 02:00:00
2016-08-10 02:00:00,BUY,WBA,82.5,7246,2016-08-10 02:00:00
2016-08-11 02:00:00,BUY,CHKP,75.18,7991,2016-08-11 02:00:00
2016-08-12 02:00:00,BUY,NTES,41.174,14523,2016-08-12 02:00:00
2016-08-15 02:00:00,BUY,EA,79.48,7728,2016-08-15 02:00:00
2016-08-16 02:00:00,BUY,CTAS,112.99,5338,2016-08-16 02:00:00
2016-08-17 02:00:00,BUY,CSX,9.39333333333333,65732,2016-08-17 02:00:00
2016-08-18 02:00:00,BUY,SNPS,58.5,10738,2016-08-18 02:00:00
2016-08-19 02:00:00,BUY,MTCH,13.89,45295,2016-08-19 02:00:00
2016-08-22 02:00:00,BUY,INCY,81.98,7735,2016-08-22 02:00:00
2016-08-23 02:00:00,BUY,INTU,113.84,5564,2016-08-23 02:00:00
2016-08-24 02:00:00,BUY,EBAY,31.25,19561,2016-08-24 02:00:00
2016-08-25 02:00:00,BUY,CTAS,116.04,5283,2016-08-25 02:00:00
2016-08-26 02:00:00,BUY,ADSK,68.87,8876,2016-08-26 02:00:00
2016-08-29 02:00:00,BUY,TXN,69.98,8666,2016-08-29 02:00:00
2016-08-30 02:00:00,BUY,MDLZ,44.74,13425,2016-08-30 02:00:00
2016-08-31 02:00:00,BUY,MELI,172.0,3513,2016-08-31 02:00:00
2016-09-01 02:00:00,BUY,MRVL,12.87,47420,2016-09-01 02:00:00
2016-09-02 02:00:00,BUY,AMD,7.51,82149,2016-09-02 02:00:00
2016-09-06 02:00:00,BUY,PCAR,51.34,11744,2016-09-06 02:00:00
2016-09-07 02:00:00,BUY,XLNX,53.77,11137,2016-09-07 02:00:00
2016-09-08 02:00:00,BUY,KHC,89.19,6667,2016-09-08 02:00:00
2016-09-09 02:00:00,BUY,EBAY,31.89,17973,2016-09-09 02:00:00
2016-09-12 02:00:00,BUY,JD,26.5,22035,2016-09-12 02:00:00
2016-09-13 02:00:00,BUY,DLTR,80.18,7291,2016-09-13 02:00:00
2016-09-14 02:00:00,BUY,CHKP,75.04,7914,2016-09-14 02:00:00
2016-09-15 02:00:00,BUY,SGEN,53.59,11151,2016-09-15 02:00:00
2016-09-16 02:00:00,BUY,AAPL,28.73,20823,2016-09-16 02:00:00
2016-09-19 02:00:00,BUY,KHC,86.97,6798,2016-09-19 02:00:00
2016-09-20 02:00:00,BUY,MRVL,12.59,47045,2016-09-20 02:00:00
2016-09-21 02:00:00,BUY,LULU,65.4,9293,2016-09-21 02:00:00
2016-09-22 02:00:00,BUY,AMAT,30.29,20168,2016-09-22 02:00:00
2016-09-23 02:00:00,BUY,PAYX,59.91,9984,2016-09-23 02:00:00
2016-09-26 02:00:00,BUY,ROST,63.76,9345,2016-09-26 02:00:00
2016-09-27 02:00:00,BUY,TSLA,41.162,14619,2016-09-27 02:00:00
2016-09-28 02:00:00,BUY,DXCM,89.74,6720,2016-09-28 02:00:00
2016-09-29 02:00:00,BUY,AMGN,165.45,3566,2016-09-29 02:00:00
2016-09-30 02:00:00,BUY,CTSH,47.71,12469,2016-09-30 02:00:00
2016-10-03 02:00:00,BUY,MRVL,13.02,48270,2016-10-03 02:00:00
2016-10-04 02:00:00,BUY,MTCH,15.24,41238,2016-10-04 02:00:00
2016-10-05 02:00:00,BUY,AMD,6.78,95007,2016-10-05 02:00:00
2016-10-06 02:00:00,BUY,SGEN,54.33,12171,2016-10-06 02:00:00
2016-10-07 02:00:00,BUY,HON,106.94,6280,2016-10-07 02:00:00
2016-10-10 02:00:00,BUY,ADI,63.35,10587,2016-10-10 02:00:00
2016-10-11 02:00:00,BUY,ILMN,138.99,4730,2016-10-11 02:00:00
2016-10-12 02:00:00,BUY,CSCO,30.34,21232,2016-10-12 02:00:00
2016-10-13 02:00:00,BUY,MELI,168.46,3802,2016-10-13 02:00:00
2016-10-14 02:00:00,BUY,DLTR,77.09,8239,2016-10-14 02:00:00
2016-10-17 02:00:00,BUY,COST,131.7,4782,2016-10-17 02:00:00
2016-10-18 02:00:00,BUY,SIRI,4.1,154094,2016-10-18 02:00:00
2016-10-19 02:00:00,BUY,INTC,35.51,17943,2016-10-19 02:00:00
2016-10-20 02:00:00,BUY,CSX,10.11333333333333,62862,2016-10-20 02:00:00
2016-10-21 02:00:00,BUY,CERN,58.46,10856,2016-10-21 02:00:00
2016-10-24 02:00:00,BUY,WDAY,88.54,7275,2016-10-24 02:00:00
2016-10-25 02:00:00,BUY,PCAR,48.3,13211,2016-10-25 02:00:00
2016-10-26 02:00:00,BUY,AAPL,28.8975,22291,2016-10-26 02:00:00
2016-10-27 02:00:00,BUY,QCOM,70.09,9102,2016-10-27 02:00:00
2016-10-28 02:00:00,BUY,CHKP,80.98,7688,2016-10-28 02:00:00
2016-10-31 02:00:00,BUY,XLNX,50.87,12780,2016-10-31 02:00:00
2016-11-01 02:00:00,BUY,INCY,90.03,7225,2016-11-01 02:00:00
2016-11-02 02:00:00,BUY,VRSK,82.21,7662,2016-11-02 02:00:00
2016-11-03 02:00:00,BUY,FOX,27.53,22938,2016-11-03 02:00:00
2016-11-04 02:00:00,BUY,PCAR,48.02,12749,2016-11-04 02:00:00
2016-11-07 03:00:00,BUY,MDLZ,44.22,14202,2016-11-07 03:00:00
2016-11-08 03:00:00,BUY,BKNG,1578.13,414,2016-11-08 03:00:00
2016-11-09 03:00:00,BUY,ORLY,264.15,2461,2016-11-09 03:00:00
2016-11-10 03:00:00,BUY,ILMN,138.37,4670,2016-11-10 03:00:00
2016-11-11 03:00:00,BUY,NVDA,21.9925,29244,2016-11-11 03:00:00
2016-11-14 03:00:00,BUY,CHTR,263.14,2323,2016-11-14 03:00:00
2016-11-15 03:00:00,BUY,JD,26.41,22895,2016-11-15 03:00:00
2016-11-16 03:00:00,BUY,TEAM,28.55,21259,2016-11-16 03:00:00
2016-11-17 03:00:00,BUY,VRSK,83.0,7520,2016-11-17 03:00:00
2016-11-18 03:00:00,BUY,MRVL,14.8,42255,2016-11-18 03:00:00
2016-11-21 03:00:00,BUY,FAST,22.23,28037,2016-11-21 03:00:00
2016-11-22 03:00:00,BUY,DLTR,88.68,7132,2016-11-22 03:00:00
2016-11-23 03:00:00,BUY,EA,79.35,7987,2016-11-23 03:00:00
2016-11-25 03:00:00,BUY,TCOM,45.01,14049,2016-11-25 03:00:00
2016-11-28 03:00:00,BUY,JD,25.83,24335,2016-11-28 03:00:00
2016-11-29 03:00:00,BUY,JD,26.85,24335,2016-11-29 03:00:00
2016-11-30 03:00:00,BUY,CSX,11.93666666666667,54779,2016-11-30 03:00:00
2016-12-01 03:00:00,BUY,CDW,52.84,12654,2016-12-01 03:00:00
2016-12-02 03:00:00,BUY,DXCM,63.87,10469,2016-12-02 03:00:00
2016-12-05 03:00:00,BUY,AMZN,759.36,888,2016-12-05 03:00:00
2016-12-06 03:00:00,BUY,VRTX,78.12,8698,2016-12-06 03:00:00
2016-12-07 03:00:00,BUY,ROST,68.26,9597,2016-12-07 03:00:00
2016-12-08 03:00:00,BUY,ORLY,277.31,2343,2016-12-08 03:00:00
2016-12-09 03:00:00,BUY,SWKS,76.93,8405,2016-12-09 03:00:00
2016-12-12 03:00:00,BUY,VRSN,79.53,8059,2016-12-12 03:00:00
2016-12-13 03:00:00,BUY,CERN,48.21,13360,2016-12-13 03:00:00
2016-12-14 03:00:00,BUY,VRSK,82.05,7817,2016-12-14 03:00:00
2016-12-15 03:00:00,BUY,GILD,75.55,8410,2016-12-15 03:00:00
2016-12-16 03:00:00,BUY,GILD,74.1,8410,2016-12-16 03:00:00
2016-12-19 03:00:00,BUY,ISRG,70.87889,8828,2016-12-19 03:00:00
2016-12-20 03:00:00,BUY,ISRG,70.4455566666667,8828,2016-12-20 03:00:00
2016-12-21 03:00:00,BUY,PAYX,61.39,10071,2016-12-21 03:00:00
2016-12-22 03:00:00,BUY,DXCM,62.1,9974,2016-12-22 03:00:00
2016-12-23 03:00:00,BUY,CTAS,116.36,5358,2016-12-23 03:00:00
2016-12-27 03:00:00,BUY,SGEN,52.36,11927,2016-12-27 03:00:00
2016-12-28 03:00:00,BUY,MCHP,32.335,19579,2016-12-28 03:00:00
2016-12-29 03:00:00,BUY,TSLA,42.936,14765,2016-12-29 03:00:00
2016-12-30 03:00:00,BUY,BIDU,164.41,3838,2016-12-30 03:00:00
2017-01-03 03:00:00,BUY,ASML,110.45,5848,2017-01-03 03:00:00
2017-01-04 03:00:00,BUY,ISRG,69.9433333333333,9191,2017-01-04 03:00:00
2017-01-05 03:00:00,BUY,ALGN,94.82,6816,2017-01-05 03:00:00
2017-01-06 03:00:00,BUY,HON,118.53,5410,2017-01-06 03:00:00
2017-01-09 03:00:00,BUY,WBA,82.55,7704,2017-01-09 03:00:00
2017-01-10 03:00:00,BUY,SNPS,60.69,10495,2017-01-10 03:00:00
2017-01-11 03:00:00,BUY,WDAY,81.7,7824,2017-01-11 03:00:00
2017-01-12 03:00:00,BUY,ADI,72.22,8680,2017-01-12 03:00:00
2017-01-13 03:00:00,BUY,CERN,51.35,12284,2017-01-13 03:00:00
2017-01-17 03:00:00,BUY,CSX,12.69666666666667,50834,2017-01-17 03:00:00
2017-01-18 03:00:00,BUY,FISV,55.04,11353,2017-01-18 03:00:00
2017-01-19 03:00:00,BUY,ALGN,90.55,6855,2017-01-19 03:00:00
2017-01-20 03:00:00,BUY,WBA,81.72,7692,2017-01-20 03:00:00
2017-01-23 03:00:00,BUY,QCOM,54.88,11431,2017-01-23 03:00:00
2017-01-24 03:00:00,BUY,REGN,347.96,1806,2017-01-24 03:00:00
2017-01-25 03:00:00,BUY,NTES,50.318,12529,2017-01-25 03:00:00
2017-01-26 03:00:00,BUY,ASML,121.13,5212,2017-01-26 03:00:00
2017-01-27 03:00:00,BUY,SBUX,56.12,11309,2017-01-27 03:00:00
2017-01-30 03:00:00,BUY,NVDA,27.505,22984,2017-01-30 03:00:00
2017-01-31 03:00:00,BUY,BKNG,1575.13,398,2017-01-31 03:00:00
2017-02-01 03:00:00,BUY,PAYX,58.52,10721,2017-02-01 03:00:00
2017-02-02 03:00:00,BUY,GILD,72.25,8688,2017-02-02 03:00:00
2017-02-03 03:00:00,BUY,AMZN,810.2,775,2017-02-03 03:00:00
2017-02-06 03:00:00,BUY,DXCM,79.67,7864,2017-02-06 03:00:00
2017-02-07 03:00:00,BUY,ISRG,78.24889,8020,2017-02-07 03:00:00
2017-02-08 03:00:00,BUY,GILD,66.83,9369,2017-02-08 03:00:00
2017-02-09 03:00:00,BUY,CSX,15.91666666666667,38611,2017-02-09 03:00:00
2017-02-10 03:00:00,BUY,MRVL,15.48,39717,2017-02-10 03:00:00
2017-02-13 03:00:00,BUY,TMUS,60.9,10226,2017-02-13 03:00:00
2017-02-14 03:00:00,BUY,VRSK,85.09,7403,2017-02-14 03:00:00
2017-02-15 03:00:00,BUY,VRSK,83.77,7403,2017-02-15 03:00:00
2017-02-16 03:00:00,BUY,KHC,87.28,7147,2017-02-16 03:00:00
2017-02-17 03:00:00,BUY,QCOM,56.46,12235,2017-02-17 03:00:00
2017-02-21 03:00:00,BUY,MAR,87.99,7891,2017-02-21 03:00:00
2017-02-22 03:00:00,BUY,ASML,123.83,5587,2017-02-22 03:00:00
2017-02-23 03:00:00,BUY,FAST,24.495,28236,2017-02-23 03:00:00
2017-02-24 03:00:00,BUY,BIDU,175.17,3973,2017-02-24 03:00:00
2017-02-27 03:00:00,BUY,SBUX,56.78,12104,2017-02-27 03:00:00
2017-02-28 03:00:00,BUY,WDAY,82.93,8300,2017-02-28 03:00:00
2017-03-01 03:00:00,BUY,GILD,70.19,10046,2017-03-01 03:00:00
2017-03-02 03:00:00,BUY,NTES,57.876,12242,2017-03-02 03:00:00
2017-03-03 03:00:00,BUY,COST,153.26,4688,2017-03-03 03:00:00
2017-03-06 03:00:00,BUY,ISRG,81.7444433333333,8587,2017-03-06 03:00:00
2017-03-07 03:00:00,BUY,TSLA,49.718,14013,2017-03-07 03:00:00
2017-03-08 03:00:00,BUY,AEP,65.15,10620,2017-03-08 03:00:00
2017-03-09 03:00:00,BUY,MSFT,64.73,10638,2017-03-09 03:00:00
2017-03-10 03:00:00,BUY,SBUX,54.53,12667,2017-03-10 03:00:00
2017-03-13 02:00:00,BUY,INTC,35.16,19681,2017-03-13 02:00:00
2017-03-14 02:00:00,BUY,SNPS,70.76,9785,2017-03-14 02:00:00
2017-03-15 02:00:00,BUY,TCOM,48.66,14126,2017-03-15 02:00:00
2017-03-16 02:00:00,BUY,CHTR,323.72,2138,2017-03-16 02:00:00
2017-03-17 02:00:00,BUY,AMGN,168.61,4131,2017-03-17 02:00:00
2017-03-20 02:00:00,BUY,ROST,66.46,10521,2017-03-20 02:00:00
2017-03-21 02:00:00,BUY,JD,30.32,22824,2017-03-21 02:00:00
2017-03-22 02:00:00,BUY,CERN,56.4,12375,2017-03-22 02:00:00
2017-03-23 02:00:00,BUY,MNST,46.56,15025,2017-03-23 02:00:00
2017-03-24 02:00:00,BUY,VRSN,87.19,8088,2017-03-24 02:00:00
2017-03-27 02:00:00,BUY,PEP,111.83,6290,2017-03-27 02:00:00
2017-03-28 02:00:00,BUY,LULU,63.68,11108,2017-03-28 02:00:00
2017-03-29 02:00:00,BUY,XEL,44.47,16561,2017-03-29 02:00:00
2017-03-30 02:00:00,BUY,LULU,50.76,14457,2017-03-30 02:00:00
2017-03-31 02:00:00,BUY,JD,31.11,24104,2017-03-31 02:00:00
2017-04-03 02:00:00,BUY,VRSK,79.84,9637,2017-04-03 02:00:00
2017-04-04 02:00:00,BUY,ANSS,105.57,7298,2017-04-04 02:00:00
2017-04-05 02:00:00,BUY,AMAT,38.38,19999,2017-04-05 02:00:00
2017-04-06 02:00:00,BUY,AMZN,898.28,858,2017-04-06 02:00:00
2017-04-07 02:00:00,BUY,CHTR,330.65,2324,2017-04-07 02:00:00
2017-04-10 02:00:00,BUY,SIRI,5.1,151042,2017-04-10 02:00:00
2017-04-11 02:00:00,BUY,QCOM,55.35,13808,2017-04-11 02:00:00
2017-04-12 02:00:00,BUY,PEP,113.61,6488,2017-04-12 02:00:00
2017-04-13 02:00:00,BUY,SPLK,59.49,12290,2017-04-13 02:00:00
2017-04-17 02:00:00,BUY,INCY,126.07,5863,2017-04-17 02:00:00
2017-04-18 02:00:00,BUY,ISRG,84.37111,8749,2017-04-18 02:00:00
2017-04-19 02:00:00,BUY,TCOM,47.15,16652,2017-04-19 02:00:00
2017-04-20 02:00:00,BUY,EBAY,32.53,24070,2017-04-20 02:00:00
2017-04-21 02:00:00,BUY,HON,127.08,6095,2017-04-21 02:00:00
2017-04-24 02:00:00,BUY,CMCSA,38.01,20813,2017-04-24 02:00:00
2017-04-25 02:00:00,BUY,ORLY,263.96,3034,2017-04-25 02:00:00
2017-04-26 02:00:00,BUY,NTES,53.08,15155,2017-04-26 02:00:00
2017-04-27 02:00:00,BUY,ORLY,257.19,3131,2017-04-27 02:00:00
2017-04-28 02:00:00,BUY,PAYX,59.28,13108,2017-04-28 02:00:00
2017-05-01 02:00:00,BUY,MNST,44.56,17402,2017-05-01 02:00:00
2017-05-02 02:00:00,BUY,AMD,10.32,75344,2017-05-02 02:00:00
2017-05-03 02:00:00,BUY,VRSK,76.75,10199,2017-05-03 02:00:00
2017-05-04 02:00:00,BUY,TSLA,59.092,13465,2017-05-04 02:00:00
2017-05-05 02:00:00,BUY,GOOG,927.13,895,2017-05-05 02:00:00
2017-05-08 02:00:00,BUY,ISRG,93.42111,8957,2017-05-08 02:00:00
2017-05-09 02:00:00,BUY,FAST,22.35,37547,2017-05-09 02:00:00
2017-05-10 02:00:00,BUY,BKNG,1824.77,459,2017-05-10 02:00:00
2017-05-11 02:00:00,BUY,MDLZ,44.66,18671,2017-05-11 02:00:00
2017-05-12 02:00:00,BUY,CHKP,107.6,7785,2017-05-12 02:00:00
2017-05-15 02:00:00,BUY,CSCO,34.23,25102,2017-05-15 02:00:00
2017-05-16 02:00:00,BUY,SIRI,4.79,179752,2017-05-16 02:00:00
2017-05-17 02:00:00,BUY,ROST,61.52,13820,2017-05-17 02:00:00
2017-05-18 02:00:00,BUY,SIRI,4.86,173664,2017-05-18 02:00:00
2017-05-19 02:00:00,BUY,OKTA,24.24,35177,2017-05-19 02:00:00
2017-05-22 02:00:00,BUY,PEP,114.7,7670,2017-05-22 02:00:00
2017-05-23 02:00:00,BUY,EBAY,34.61,25497,2017-05-23 02:00:00
2017-05-24 02:00:00,BUY,CTAS,124.69,7120,2017-05-24 02:00:00
2017-05-25 02:00:00,BUY,NFLX,163.05,5482,2017-05-25 02:00:00
2017-05-26 02:00:00,BUY,MRVL,17.67,50398,2017-05-26 02:00:00
2017-05-30 02:00:00,BUY,ADI,84.8,10323,2017-05-30 02:00:00
2017-05-31 02:00:00,BUY,NXPI,109.9,8055,2017-05-31 02:00:00
2017-06-01 02:00:00,BUY,DLTR,80.56,10931,2017-06-01 02:00:00
2017-06-02 02:00:00,BUY,LULU,54.29,16195,2017-06-02 02:00:00
2017-06-05 02:00:00,BUY,DXCM,71.19,12034,2017-06-05 02:00:00
2017-06-06 02:00:00,BUY,FAST,20.65,40643,2017-06-06 02:00:00
2017-06-07 02:00:00,BUY,SPLK,61.53,13663,2017-06-07 02:00:00
2017-06-08 02:00:00,BUY,TXN,84.34,9950,2017-06-08 02:00:00
2017-06-09 02:00:00,BUY,NFLX,158.03,5093,2017-06-09 02:00:00
2017-06-12 02:00:00,BUY,VRSK,81.5,9465,2017-06-12 02:00:00
2017-06-13 02:00:00,BUY,CSCO,31.7,24609,2017-06-13 02:00:00
2017-06-14 02:00:00,BUY,XEL,47.37,16416,2017-06-14 02:00:00
2017-06-15 02:00:00,BUY,PCAR,58.61,13329,2017-06-15 02:00:00
2017-06-16 02:00:00,BUY,TEAM,34.79,22494,2017-06-16 02:00:00
2017-06-19 02:00:00,BUY,AMD,11.93,65712,2017-06-19 02:00:00
2017-06-20 02:00:00,BUY,REGN,495.33,1676,2017-06-20 02:00:00
2017-06-21 02:00:00,BUY,VRTX,134.83,6492,2017-06-21 02:00:00
2017-06-22 02:00:00,BUY,SPLK,58.83,14956,2017-06-22 02:00:00
2017-06-23 02:00:00,BUY,CDW,65.22,13399,2017-06-23 02:00:00
2017-06-26 02:00:00,BUY,EXC,37.21,23280,2017-06-26 02:00:00
2017-06-27 02:00:00,BUY,DLTR,69.22,12363,2017-06-27 02:00:00
2017-06-28 02:00:00,BUY,INTC,34.2,25294,2017-06-28 02:00:00
2017-06-29 02:00:00,BUY,LULU,59.1,14354,2017-06-29 02:00:00
2017-06-30 02:00:00,BUY,FAST,21.365,40091,2017-06-30 02:00:00
2017-07-03 02:00:00,BUY,VRSN,93.9,9232,2017-07-03 02:00:00
2017-07-05 02:00:00,BUY,AMD,13.19,66107,2017-07-05 02:00:00
2017-07-06 02:00:00,BUY,OKTA,22.78,37783,2017-07-06 02:00:00
2017-07-07 02:00:00,BUY,SBUX,58.04,15233,2017-07-07 02:00:00
2017-07-10 02:00:00,BUY,MTCH,15.95,55212,2017-07-10 02:00:00
2017-07-11 02:00:00,BUY,ILMN,173.15,5130,2017-07-11 02:00:00
2017-07-12 02:00:00,BUY,MELI,274.35,3239,2017-07-12 02:00:00
2017-07-13 02:00:00,BUY,ORLY,184.63,4764,2017-07-13 02:00:00
2017-07-14 02:00:00,BUY,CMCSA,39.2,22390,2017-07-14 02:00:00
2017-07-17 02:00:00,BUY,SWKS,103.3,8496,2017-07-17 02:00:00
2017-07-18 02:00:00,BUY,NFLX,183.6,4805,2017-07-18 02:00:00
2017-07-19 02:00:00,BUY,CSX,17.29,51097,2017-07-19 02:00:00
2017-07-20 02:00:00,BUY,CHKP,107.41,8066,2017-07-20 02:00:00
2017-07-21 02:00:00,BUY,CTAS,138.43,6199,2017-07-21 02:00:00
2017-07-24 02:00:00,BUY,BIDU,198.65,4312,2017-07-24 02:00:00
2017-07-25 02:00:00,BUY,MU,29.9,28422,2017-07-25 02:00:00
2017-07-26 02:00:00,BUY,AMGN,175.89,4817,2017-07-26 02:00:00
2017-07-27 02:00:00,BUY,SIRI,5.83,142239,2017-07-27 02:00:00
2017-07-28 02:00:00,BUY,ALGN,173.06,4775,2017-07-28 02:00:00
2017-07-31 02:00:00,BUY,VRSN,101.17,7893,2017-07-31 02:00:00
2017-08-01 02:00:00,BUY,IDXX,154.68,5070,2017-08-01 02:00:00
2017-08-02 02:00:00,BUY,ILMN,197.85,3875,2017-08-02 02:00:00
2017-08-03 02:00:00,BUY,CSX,16.42333333333334,46831,2017-08-03 02:00:00
2017-08-04 02:00:00,BUY,MSFT,72.68,10468,2017-08-04 02:00:00
2017-08-07 02:00:00,BUY,SIRI,5.6,135344,2017-08-07 02:00:00
2017-08-08 02:00:00,BUY,CHTR,389.75,1927,2017-08-08 02:00:00
2017-08-09 02:00:00,BUY,NTES,63.01,12262,2017-08-09 02:00:00
2017-08-10 02:00:00,BUY,MNST,52.52,13273,2017-08-10 02:00:00
2017-08-11 02:00:00,BUY,FOX,27.84,25659,2017-08-11 02:00:00
2017-08-14 02:00:00,BUY,PEP,117.84,6046,2017-08-14 02:00:00
